0,0,0.38,0,0,0,1,0,0.72,-1.44,0,0.72,-1.44,0,0.72,-1.44,0,0.72,-1.44,0,2.35619,1.5708,0.785398,0,0,0,0,0,0,0,0,0,0,0,0,0,0,0,0,0,0,0,0,0,0,0,0,0,0
-0.000112157,5.59494e-06,0.3795,2.7294e-05,-2.02499e-05,7.04567e-06,1,-3.21984e-06,0.719999,-1.43999,3.92494e-05,0.719984,-1.43999,1.81421e-05,0.719983,-1.43999,3.51802e-06,0.72,-1.43999,1.31948e-06,2.35619,1.5708,0.785398,1.87509e-08,3.48406e-08,-0.056589,-0.000228853,0.0465018,-0.0030365,-0.00186286,5.94754e-05,0.00294381,-0.282128,0.284118,0.00396494,-0.290108,0.292569,0.00323948,-0.285718,0.286292,0.00328545,-0.281068,0.28195,0.0987331,0.240475,-0.0916337,0.140904,-0.0379213,0.00686313
-0.00135531,7.12703e-06,0.379967,2.43405e-05,-5.92012e-05,1.47222e-05,1,5.33873e-05,0.714356,-1.43431,0.000156957,0.714165,-1.43413,0.000102149,0.714252,-1.43426,7.17653e-05,0.714378,-1.43435,0.00197729,2.361,1.56896,0.788216,-0.00075839,0.000137331,-0.102014,-0.000244307,0.0854768,-0.00291195,-0.00186777,5.91205e-05,0.00284967,-0.511813,0.513751,0.00381257,-0.519766,0.522176,0.00314406,-0.515441,0.516065,0.00313868,-0.510757,0.511668,0.0293382,0.304226,-0.124047,0.207847,-0.132403,-0.0132109
-0.00350635,8.41273e-06,0.381248,2.25887e-05,-9.79822e-05,2.24078e-05,1,0.000108974,0.70412,-1.42403,0.000270677,0.703754,-1.42368,0.000185129,0.703926,-1.42393,0.000136138,0.704163,-1.42411,0.00256538,2.36709,1.56648,0.792373,-0.00340647,-0.000126854,-0.142236,-0.00026874,0.117987,-0.00264824,-0.0018224,5.83282e-05,0.00261642,-0.710202,0.71204,0.00352135,-0.718071,0.720383,0.00291095,-0.713933,0.71457,0.00285495,-0.709168,0.710061,-0.207663,0.24875,-0.0935441,0.209645,-0.260833,-0.0604883
-0.00646136,9.33464e-06,0.383211,2.33918e-05,-0.000135914,3.01115e-05,1,0.000160666,0.689915,-1.40979,0.000377661,0.689376,-1.40926,0.000264257,0.689631,-1.40963,0.000193934,0.689979,-1.40991,-0.00158652,2.37206,1.56461,0.796566,-0.00862319,-0.00133659,-0.181181,-0.000415319,0.146715,0.00141762,-0.00219959,5.57238e-05,-0.00136041,-0.895682,0.897807,-0.000529969,-0.902462,0.905095,-0.00109419,-0.899364,0.900455,-0.00118674,-0.892796,0.893923,-0.621011,0.0916437,0.0237838,0.187757,-0.373199,-0.13336
-0.0101949,7.36612e-06,0.38578,6.46915e-05,-0.000177077,3.78086e-05,1,0.000133449,0.672002,-1.39183,0.000402679,0.671311,-1.39115,0.00026399,0.671628,-1.39162,0.000170014,0.672123,-1.39203,-0.0140053,2.3739,1.56509,0.800322,-0.0160873,-0.00400377,-0.222181,-0.00106657,0.173315,0.380922,-0.102948,0.000103216,0.0945246,-0.443804,0.472938,-0.379814,-0.988138,1.09145,-0.380359,-0.984901,1.08654,-0.610911,-0.551304,0.501139,-0.800107,0.186272,0.25343,0.149361,-0.425628,-0.220187
-0.0147526,-2.16474e-05,0.38889,0.00390058,-0.00122453,4.65408e-05,0.999992,0.00202394,0.663126,-1.38237,-0.00715932,0.651533,-1.36932,-0.00732132,0.651914,-1.36989,-0.0120484,0.661098,-1.38201,-0.0300059,2.37762,1.57016,0.803309,-0.0246001,-0.00840753,-0.21426,0.000603715,0.158766,0.408427,-0.111303,0.000909402,-0.116585,-0.236687,0.155719,-0.407538,-0.921557,1.03319,-0.408018,-0.917811,1.02723,-0.588319,-0.385698,0.222388,-0.47407,0.351488,0.0714973,0.148188,-0.398191,-0.284514
-0.0191588,-4.18618e-05,0.391715,0.00801096,-0.00235461,6.32518e-05,0.999965,-0.000307755,0.658393,-1.37926,-0.0152771,0.633088,-1.34866,-0.0154596,0.633543,-1.34934,-0.0238149,0.653384,-1.37756,-0.0394859,2.38465,1.57159,0.806272,-0.0325641,-0.0140979,-0.204653,0.00172568,0.145677,0.385946,-0.105083,0.00171599,-0.202533,-0.0939849,-0.0953262,-0.38518,-0.867253,0.97263,-0.385459,-0.864279,0.967503,-0.541771,-0.265589,-0.000962229,-0.245746,0.407947,-0.0111367,0.180141,-0.304722,-0.309299
-0.0233788,-6.03578e-05,0.394282,0.0118959,-0.00342166,8.78546e-05,0.999923,-0.00435841,0.656513,-1.38116,-0.0229489,0.61573,-1.3292,-0.0231467,0.616244,-1.32999,-0.0346505,0.648072,-1.37758,-0.0443996,2.39281,1.57136,0.809875,-0.0386586,-0.0202839,-0.194251,0.00257919,0.133062,0.329513,-0.0899107,0.00217123,-0.214502,0.00301209,-0.285448,-0.328831,-0.821,0.911178,-0.328979,-0.818523,0.90662,-0.481481,-0.179444,-0.175527,-0.0999765,0.396536,-0.0339318,0.211527,-0.187203,-0.295056
-0.027395,-7.64794e-05,0.396604,0.0152157,-0.00433628,0.000116711,0.999875,-0.00864843,0.656574,-1.38687,-0.029495,0.599297,-1.31098,-0.0297041,0.599861,-1.31186,-0.0442803,0.644484,-1.38109,-0.046398,2.40074,1.57068,0.814106,-0.0424027,-0.026185,-0.18359,0.00312981,0.121175,0.257992,-0.0708469,0.00219371,-0.18854,0.0654467,-0.421529,-0.257352,-0.779912,0.850998,-0.25746,-0.777576,0.846649,-0.412172,-0.119701,-0.307276,-0.00770166,0.349737,-0.0310778,0.224296,-0.0767526,-0.251884
-0.0312005,-9.00295e-05,0.398695,0.0178197,-0.00505961,0.000145398,0.999828,-0.0124192,0.657883,-1.3953,-0.0346128,0.583687,-1.29396,-0.0348313,0.584297,-1.29493,-0.0525238,0.64209,-1.38724,-0.046551,2.40774,1.57006,0.818592,-0.0439378,-0.0312227,-0.17292,0.0034007,0.110096,0.18481,-0.0514266,0.00187964,-0.146808,0.101813,-0.51125,-0.18418,-0.741287,0.792918,-0.184318,-0.738827,0.788513,-0.340811,-0.0797064,-0.402222,0.0519118,0.289676,-0.0212926,0.215332,0.0110014,-0.192901
-0.0347939,-0.000101199,0.400575,0.0196913,-0.00558815,0.000170492,0.99979,-0.0153554,0.659919,-1.40553,-0.0382683,0.56885,-1.2781,-0.0384957,0.569509,-1.27917,-0.0593402,0.640496,-1.39528,-0.045512,2.41353,1.56964,0.822898,-0.0437177,-0.0350808,-0.162304,0.00344478,0.0997841,0.117618,-0.0336406,0.00138223,-0.102069,0.118906,-0.56241,-0.116978,-0.703093,0.7369,-0.117187,-0.700374,0.732298,-0.273143,-0.0541464,-0.466123,0.0910656,0.229116,-0.0123601,0.190125,0.0722695,-0.129781
-0.0381751,-0.000110344,0.402258,0.0208904,-0.00593827,0.000190139,0.999764,-0.0173967,0.662298,-1.41678,-0.0405811,0.554777,-1.26337,-0.0408177,0.555491,-1.26452,-0.0648032,0.639413,-1.4046,-0.04369,2.41811,1.56939,0.826701,-0.0422723,-0.0376764,-0.151724,0.00332134,0.0901628,0.0597804,-0.0183497,0.000834719,-0.0609249,0.12214,-0.582498,-0.0591249,-0.664138,0.682614,-0.0594162,-0.661123,0.677778,-0.212572,-0.0391234,-0.504272,0.11609,0.174207,-0.00631955,0.15677,0.109843,-0.070736
-0.041344,-0.000117853,0.40376,0.0215105,-0.00613497,0.00020384,0.99975,-0.0186152,0.664741,-1.42843,-0.0417381,0.541484,-1.24972,-0.0419844,0.542258,-1.25097,-0.0690547,0.638631,-1.41469,-0.0413676,2.4216,1.56926,0.829836,-0.0400755,-0.0390911,-0.141159,0.00308467,0.0811622,0.0121379,-0.00575742,0.000325749,-0.0262061,0.115745,-0.578394,-0.0114701,-0.623915,0.62976,-0.0118376,-0.620632,0.624713,-0.16046,-0.031902,-0.521381,0.130233,0.127194,-0.00300776,0.122329,0.128964,-0.0203354
-0.0443006,-0.000124086,0.405093,0.0216537,-0.00620529,0.000212,0.999746,-0.0191393,0.667056,-1.43999,-0.0419432,0.528996,-1.23712,-0.0421998,0.529836,-1.23849,-0.072264,0.637993,-1.42512,-0.0387624,2.42414,1.5692,0.832283,-0.0374962,-0.0394978,-0.130608,0.00277981,0.07273,-0.0256627,0.00423911,-9.67011e-05,0.00135309,0.102964,-0.556159,0.0263353,-0.582349,0.578162,0.025908,-0.578855,0.57296,-0.116859,-0.0305716,-0.521545,0.13551,0.08833,-0.00183688,0.091452,0.134929,0.0197027
-0.0470447,-0.000129345,0.406268,0.0214182,-0.00617522,0.000215514,0.999752,-0.0191123,0.669115,-1.45112,-0.0413935,0.51734,-1.22557,-0.0416606,0.51825,-1.22703,-0.0746013,0.637381,-1.43555,-0.0360518,2.42591,1.56917,0.834112,-0.0347976,-0.0391037,-0.120087,0.00244189,0.0648277,-0.0543981,0.0118482,-0.000413357,0.0220504,0.086241,-0.52093,0.0550659,-0.539583,0.527756,0.0545995,-0.535948,0.522464,-0.0811527,-0.0337668,-0.508246,0.133605,0.0569707,-0.00240104,0.0663945,0.132087,0.0494563
-0.049577,-0.000133876,0.407297,0.0208946,-0.00606867,0.000215476,0.999763,-0.0186713,0.67084,-1.46154,-0.0402704,0.506539,-1.21502,-0.0405479,0.507522,-1.21659,-0.0762244,0.636706,-1.44571,-0.0333794,2.42705,1.56912,0.83544,-0.0321559,-0.0381146,-0.109626,0.00209688,0.0574235,-0.0749099,0.0172915,-0.000622944,0.036601,0.0673744,-0.476876,0.0755636,-0.495837,0.47854,0.0750789,-0.49213,0.473223,-0.0524822,-0.0404805,-0.484379,0.126179,0.0321245,-0.00452153,0.0476439,0.123656,0.0698934
-0.0518986,-0.000137874,0.408188,0.0201653,-0.00590734,0.000212997,0.999779,-0.0179393,0.672188,-1.47107,-0.0387385,0.496614,-1.20545,-0.039026,0.497671,-1.20713,-0.0772741,0.635896,-1.4554,-0.0308556,2.42769,1.56903,0.836393,-0.0296828,-0.0367167,-0.0992547,0.00176304,0.0504865,-0.0879844,0.0207741,-0.000734737,0.0458199,0.0476363,-0.427216,0.0886156,-0.451334,0.430531,0.0881315,-0.447613,0.425246,-0.0299693,-0.0499551,-0.452291,0.114871,0.0127074,-0.00812348,0.0346311,0.111908,0.0822627
-0.0540113,-0.000141489,0.408951,0.0193044,-0.00571086,0.000209093,0.999797,-0.0170229,0.67314,-1.47962,-0.0369468,0.48758,-1.19685,-0.0372434,0.488711,-1.19864,-0.0778735,0.634897,-1.46445,-0.0285581,2.42794,1.56886,0.837085,-0.0274446,-0.0350714,-0.0889996,0.00145229,0.0439845,-0.0943399,0.0224823,-0.000763707,0.0504804,0.0278618,-0.374285,0.0949415,-0.406271,0.383741,0.0944739,-0.402586,0.378532,-0.0128066,-0.0616228,-0.413825,0.101197,-0.00233238,-0.0131249,0.0263022,0.0984205,0.0877691
-0.0559178,-0.000144831,0.409593,0.0183791,-0.00549699,0.000204635,0.999816,-0.0160133,0.673698,-1.4871,-0.0350297,0.479446,-1.18918,-0.0353344,0.480652,-1.19108,-0.0781297,0.633665,-1.47272,-0.026534,2.4279,1.5686,0.837611,-0.0254762,-0.033316,-0.0788814,0.00117157,0.0378825,-0.0946532,0.0225918,-0.00072725,0.0512671,0.00851933,-0.319609,0.0952202,-0.360816,0.33816,0.0947811,-0.357202,0.333061,-0.000273362,-0.0750754,-0.370361,0.0864428,-0.0139489,-0.0193856,0.0214943,0.084288,0.087454
-0.0576209,-0.000147976,0.410122,0.0174499,-0.00528175,0.000200318,0.999834,-0.014988,0.673868,-1.4935,-0.0331082,0.472223,-1.18242,-0.0334197,0.473501,-1.18442,-0.0781352,0.632163,-1.48013,-0.0248051,2.42762,1.56821,0.838041,-0.0237905,-0.031567,-0.0689145,0.000923932,0.032144,-0.0895926,0.0212761,-0.000642853,0.048772,-0.0102314,-0.264009,0.0901215,-0.315114,0.29376,0.0897194,-0.311596,0.288792,0.00827929,-0.0900456,-0.322869,0.0715883,-0.0229627,-0.0267062,0.0191436,0.0702479,0.0821938
-0.0591237,-0.000150972,0.410545,0.0165705,-0.0050794,0.000196661,0.99985,-0.0140125,0.673664,-1.49878,-0.0312898,0.465913,-1.17655,-0.0316068,0.467263,-1.17866,-0.0779696,0.630363,-1.48659,-0.0233733,2.42716,1.56768,0.838424,-0.0223855,-0.0299231,-0.0591077,0.000709444,0.0267313,-0.0798426,0.0187142,-0.000526371,0.0435084,-0.0284875,-0.207702,0.0803316,-0.269302,0.250497,0.0799716,-0.265894,0.245671,0.0134537,-0.106394,-0.271951,0.0572784,-0.030048,-0.034849,0.0183753,0.0567526,0.0727476
-0.0604298,-0.000153845,0.410868,0.0157877,-0.00490241,0.000194024,0.999863,-0.0131424,0.673094,-1.50293,-0.0296682,0.460521,-1.17155,-0.0299894,0.461939,-1.17375,-0.0777006,0.628235,-1.49203,-0.0222277,2.42656,1.56698,0.838792,-0.0212505,-0.0284681,-0.0494662,0.000525956,0.0216066,-0.0661196,0.0150943,-0.000390826,0.0359265,-0.0465549,-0.150413,0.0665681,-0.223513,0.208318,0.0662525,-0.22022,0.203635,0.0158268,-0.124091,-0.217897,0.0438298,-0.0357373,-0.0435648,0.0185225,0.0440065,0.0598127
-0.0615424,-0.000156596,0.411094,0.0151414,-0.00476136,0.000192632,0.999874,-0.0124239,0.672163,-1.50594,-0.0283229,0.456044,-1.16739,-0.028647,0.457528,-1.16969,-0.077384,0.625753,-1.49638,-0.0213511,2.42584,1.56611,0.839162,-0.0203703,-0.0272719,-0.0399926,0.000369693,0.0167331,-0.0491759,0.0106147,-0.000245714,0.0264259,-0.0649018,-0.091479,0.0495841,-0.177887,0.167162,0.0493132,-0.174709,0.162621,0.0159624,-0.143202,-0.160738,0.0312697,-0.0404397,-0.0526111,0.0191056,0.0319958,0.0440684
-0.0624652,-0.000159216,0.41123,0.0146636,-0.00466486,0.000192615,0.999882,-0.0118954,0.670865,-1.50777,-0.0273184,0.45248,-1.16406,-0.0276439,0.454029,-1.16645,-0.0770648,0.622889,-1.4996,-0.0207258,2.42503,1.56506,0.839544,-0.0197304,-0.0263905,-0.0306884,0.000235754,0.012075,-0.0297948,0.00548311,-9.6839e-05,0.015363,-0.0841135,-0.0299596,0.0301635,-0.132573,0.126971,0.0299365,-0.129505,0.122564,0.0144153,-0.163859,-0.100313,0.0193946,-0.044469,-0.0617626,0.0197912,0.0205264,0.0261998
-0.0632016,-0.00016168,0.411278,0.0143788,-0.00461943,0.000194038,0.999886,-0.0115881,0.669182,-1.50837,-0.0267032,0.449822,-1.16152,-0.027029,0.451433,-1.16401,-0.0767765,0.619611,-1.50161,-0.0203379,2.42414,1.56382,0.83994,-0.0193199,-0.0258665,-0.0215545,0.000118517,0.00759833,-0.00877982,-8.71592e-05,5.33531e-05,0.00305293,-0.104846,0.0352568,0.00910991,-0.0877262,0.0876882,0.0089253,-0.084764,0.0834075,0.0117262,-0.18624,-0.0363313,0.00784428,-0.0480783,-0.0708133,0.0203425,0.00927334,0.00690515
-0.0637551,-0.000163954,0.411242,0.0143034,-0.00462947,0.000196936,0.999887,-0.011527,0.667086,-1.50766,-0.0265101,0.448062,-1.15978,-0.026835,0.449733,-1.16235,-0.0765419,0.615887,-1.50233,-0.0201811,2.42318,1.56241,0.840347,-0.0191344,-0.0257284,-0.0125924,1.19928e-05,0.00327114,0.0130605,-0.00588089,0.000205014,-0.010232,-0.127777,0.10534,-0.0127683,-0.0435113,0.0492618,-0.0129117,-0.0406503,0.0451005,0.00841295,-0.210533,0.0315501,-0.00381828,-0.0514987,-0.0795761,0.020567,-0.00215547,-0.0131102
-0.0641291,-0.000166,0.411123,0.0144455,-0.0046972,0.000201341,0.999885,-0.0117317,0.66453,-1.50555,-0.0267555,0.447187,-1.1588,-0.0270783,0.448915,-1.16146,-0.0763737,0.611676,-1.5017,-0.0202575,2.42215,1.56082,0.840758,-0.0191775,-0.0259906,-0.00380472,-8.98847e-05,-0.000936084,0.0349303,-0.011686,0.000359832,-0.0242659,-0.15356,0.181404,-0.0346754,-9.81421e-05,0.0116498,-0.0347787,0.00266454,0.00760265,0.00495727,-0.236914,0.103645,-0.0160202,-0.0549816,-0.0878821,0.020264,-0.0141429,-0.0331491
-0.0643271,-0.000167774,0.410925,0.0148055,-0.00482276,0.000207295,0.999879,-0.012217,0.661459,-1.50193,-0.0274399,0.447179,-1.15858,-0.0277597,0.448964,-1.16131,-0.0762745,0.606937,-1.49963,-0.020578,2.42105,1.55906,0.841163,-0.0194604,-0.0266536,0.00480413,-0.000192996,-0.00505011,0.0560662,-0.0172992,0.000519846,-0.0388759,-0.182767,0.264382,-0.0558485,0.0423407,-0.0251782,-0.055912,0.0450061,-0.0291148,0.00179052,-0.265505,0.180151,-0.0290886,-0.0588396,-0.0955845,0.0191754,-0.0269762,-0.0525427
-0.0643527,-0.000169234,0.410648,0.015376,-0.00500422,0.000214852,0.999869,-0.0129945,0.657803,-1.49664,-0.0285487,0.448021,-1.15909,-0.0288645,0.44986,-1.16191,-0.0762387,0.601627,-1.49603,-0.0211599,2.41988,1.55715,0.841547,-0.0199999,-0.0277044,0.0132271,-0.000302806,-0.00909457,0.0757602,-0.0225316,0.000686306,-0.0539494,-0.215834,0.354894,-0.0755798,0.0836326,-0.0612383,-0.0756038,0.0862005,-0.0650665,-0.00072131,-0.296347,0.26105,-0.0431542,-0.0634856,-0.10257,0.0169412,-0.0407504,-0.0706742
-0.0642095,-0.000170336,0.410293,0.0161427,-0.00523779,0.000224071,0.999856,-0.0140734,0.653487,-1.48954,-0.0300529,0.449689,-1.16032,-0.0303638,0.45158,-1.16322,-0.076253,0.5957,-1.4908,-0.0220231,2.41861,1.5551,0.841886,-0.0208149,-0.0291179,0.021454,-0.000424149,-0.0130895,0.0933856,-0.0272167,0.000858782,-0.0694434,-0.252994,0.453105,-0.0932427,0.123609,-0.0965289,-0.0932273,0.126079,-0.100251,-0.00229227,-0.329357,0.346006,-0.0580505,-0.0694626,-0.108782,0.0130654,-0.0552641,-0.0870017
-0.0639012,-0.000171041,0.409862,0.0170848,-0.00551799,0.000235,0.999839,-0.0154623,0.648427,-1.48048,-0.0319113,0.452157,-1.16226,-0.0322164,0.454098,-1.16523,-0.0762988,0.589113,-1.48388,-0.0231843,2.41722,1.55292,0.842147,-0.0219202,-0.030858,0.0294703,-0.00056103,-0.0170509,0.108425,-0.031217,0.00103467,-0.0853927,-0.294214,0.558564,-0.10832,0.162111,-0.131027,-0.108266,0.164484,-0.134646,-0.00272895,-0.364285,0.43425,-0.0732086,-0.0774589,-0.11425,0.0068997,-0.0699104,-0.101078
-0.0634321,-0.000171313,0.409355,0.0181765,-0.005838,0.000247653,0.999818,-0.0171701,0.642542,-1.46931,-0.0340719,0.455395,-1.16489,-0.0343704,0.457385,-1.16793,-0.0763534,0.581827,-1.4752,-0.0246486,2.41567,1.55064,0.842285,-0.0233184,-0.0328795,0.0372567,-0.000716444,-0.0209898,0.120501,-0.0344324,0.00120919,-0.101918,-0.339114,0.670039,-0.120432,0.198988,-0.164684,-0.120341,0.201268,-0.168206,-0.00193846,-0.400674,0.524458,-0.0875569,-0.0883012,-0.119129,-0.00233936,-0.0835678,-0.112563
-0.0628066,-0.000171121,0.408771,0.0193881,-0.00618998,0.000261991,0.999793,-0.0192085,0.63576,-1.45591,-0.0364756,0.459371,-1.16819,-0.0367667,0.461407,-1.17131,-0.0763921,0.573813,-1.46471,-0.0264,2.4139,1.54825,0.842238,-0.0249897,-0.0351308,0.0447872,-0.000892219,-0.0249116,0.129394,-0.0368057,0.00137591,-0.119225,-0.386885,0.785329,-0.129362,0.234102,-0.197419,-0.129237,0.236297,-0.200854,7.18266e-05,-0.437804,0.614624,-0.0994377,-0.102919,-0.123739,-0.0154956,-0.0945044,-0.121217
-0.0620295,-0.000170441,0.408111,0.0206879,-0.00656551,0.000277904,0.999764,-0.021593,0.628022,-1.4402,-0.0390587,0.46405,-1.17215,-0.0393417,0.46613,-1.17533,-0.0763906,0.565057,-1.45242,-0.028389,2.41184,1.54578,0.841929,-0.0268798,-0.0375551,0.0520276,-0.00108889,-0.0288146,0.135059,-0.0383258,0.00152762,-0.1376,-0.436202,0.901071,-0.135061,0.267324,-0.229114,-0.134907,0.269446,-0.232475,0.00320614,-0.47464,0.701922,-0.106559,-0.122271,-0.128567,-0.0333009,-0.100312,-0.126884
-0.0611067,-0.000169256,0.407375,0.0220436,-0.00695607,0.000295209,0.999733,-0.024345,0.619298,-1.42218,-0.0417564,0.469393,-1.17673,-0.0420308,0.471516,-1.17999,-0.0763264,0.555564,-1.43838,-0.0305205,2.4094,1.54321,0.841263,-0.028886,-0.0400928,0.0589343,-0.0013056,-0.0326889,0.137607,-0.0390236,0.00165731,-0.157382,-0.485128,1.01254,-0.137642,0.298518,-0.259601,-0.137464,0.300583,-0.262909,0.00730575,-0.509777,0.782571,-0.106008,-0.147235,-0.134228,-0.0560561,-0.0978978,-0.129449
-0.0600446,-0.000167556,0.406564,0.023424,-0.00735346,0.000313649,0.999699,-0.0274926,0.609595,-1.40193,-0.0445064,0.47536,-1.18193,-0.0447719,0.477525,-1.18526,-0.0761802,0.545368,-1.42273,-0.032641,2.40645,1.54052,0.840141,-0.030844,-0.0426818,0.0654524,-0.00154011,-0.0365152,0.137264,-0.0389597,0.00175886,-0.178915,-0.531012,1.11345,-0.137328,0.327526,-0.288663,-0.137133,0.329555,-0.291939,0.0121855,-0.541362,0.851697,-0.0943496,-0.178434,-0.141316,-0.0831208,-0.083581,-0.128796
-0.0588508,-0.000165335,0.405677,0.0248002,-0.00775007,0.000332907,0.999662,-0.0310709,0.598975,-1.37966,-0.0472508,0.481908,-1.18771,-0.047507,0.484114,-1.19111,-0.0759364,0.534541,-1.40569,-0.0345285,2.40288,1.5377,0.838479,-0.0325156,-0.0452577,0.0715151,-0.00178868,-0.0402629,0.134274,-0.0382007,0.00182693,-0.20246,-0.57038,1.19575,-0.134364,0.354135,-0.316021,-0.134161,0.356151,-0.319292,0.0176711,-0.567003,0.90321,-0.0678413,-0.216006,-0.150168,-0.112212,-0.0533438,-0.124778
-0.0575343,-0.0001626,0.404717,0.0261459,-0.00813897,0.000352613,0.999625,-0.0351202,0.587567,-1.35574,-0.0499366,0.488988,-1.19404,-0.0501835,0.491235,-1.1975,-0.0755828,0.5232,-1.38763,-0.0358858,2.39856,1.53469,0.836235,-0.0335825,-0.0477533,0.07704,-0.00204604,-0.0438881,0.128771,-0.0367835,0.00185572,-0.228035,-0.598814,1.24949,-0.128883,0.378028,-0.341319,-0.128682,0.380059,-0.344616,0.0236153,-0.583637,0.929715,-0.0227819,-0.259224,-0.160569,-0.138632,-0.00331988,-0.117238
-0.0561058,-0.000159364,0.403685,0.0274359,-0.00851358,0.000372341,0.999587,-0.039681,0.57559,-1.33075,-0.0525133,0.496546,-1.20087,-0.0527512,0.498834,-1.2044,-0.0751104,0.511527,-1.36904,-0.0363421,2.39338,1.53148,0.833462,-0.0336489,-0.050098,0.0819181,-0.00230481,-0.0473252,0.120616,-0.0346725,0.00183656,-0.255119,-0.61079,1.2627,-0.120745,0.398684,-0.364075,-0.120557,0.400762,-0.367432,0.0298585,-0.587298,0.922498,0.044023,-0.305864,-0.171643,-0.154769,0.0693968,-0.106112
-0.0545783,-0.000155658,0.402584,0.0286437,-0.00886697,0.000391573,0.99955,-0.0447835,0.563374,-1.3055,-0.0549278,0.504517,-1.20816,-0.0551571,0.506848,-1.21176,-0.0745131,0.499781,-1.35059,-0.0354623,2.38726,1.52805,0.830367,-0.0322609,-0.0522203,0.0859843,-0.00255422,-0.0504689,0.109256,-0.0317228,0.00175514,-0.282094,-0.599409,1.22139,-0.109395,0.415206,-0.383538,-0.109234,0.417374,-0.386998,0.0360917,-0.572716,0.871664,0.134742,-0.351095,-0.182343,-0.150564,0.165554,-0.0916056
-0.0529678,-0.000151535,0.40142,0.0297374,-0.00919079,0.000409643,0.999515,-0.0504255,0.551386,-1.28107,-0.0571158,0.51282,-1.21584,-0.0573373,0.515194,-1.2195,-0.0737912,0.488326,-1.33315,-0.0327683,2.38024,1.5244,0.827355,-0.0289499,-0.0540524,0.0889493,-0.00277708,-0.0531308,0.0936934,-0.0276714,0.00159003,-0.305093,-0.555864,1.10979,-0.0938333,0.426009,-0.398383,-0.0937185,0.428318,-0.402003,0.0415783,-0.532461,0.766589,0.250079,-0.385613,-0.193208,-0.115923,0.282157,-0.074378
-0.0512966,-0.000147086,0.400202,0.0306751,-0.00947402,0.000425655,0.999484,-0.0565275,0.540268,-1.25888,-0.058993,0.521338,-1.22381,-0.0592078,0.523759,-1.22755,-0.0729595,0.477677,-1.31782,-0.0277677,2.37253,1.52054,0.825037,-0.0233067,-0.0555399,0.0902807,-0.00294442,-0.054961,0.0726749,-0.0221867,0.00131527,-0.315607,-0.468186,0.911094,-0.0728028,0.428309,-0.406161,-0.0727583,0.430826,-0.410009,0.0446956,-0.455034,0.597003,0.389063,-0.392767,-0.210001,-0.046112,0.410704,-0.0556099
-0.0495977,-0.000142458,0.398944,0.0314022,-0.00970236,0.000438439,0.99946,-0.0628399,0.530904,-1.24066,-0.0604499,0.529903,-1.23194,-0.0606598,0.532374,-1.23575,-0.0720654,0.468575,-1.30588,-0.0199875,2.36467,1.51634,0.824115,-0.0150926,-0.0566521,0.0890373,-0.00300852,-0.0553322,0.0451187,-0.01498,0.000908769,-0.295356,-0.318152,0.609256,-0.0452187,0.417471,-0.402528,-0.0452729,0.420273,-0.406679,0.0422321,-0.320333,0.355358,0.549073,-0.344894,-0.249161,0.0498045,0.53585,-0.0367827
-0.0479232,-0.00013789,0.397675,0.0318535,-0.00985861,0.000446592,0.999444,-0.0687473,0.524541,-1.22847,-0.0613555,0.538251,-1.23999,-0.0615628,0.540778,-1.24389,-0.0712206,0.462168,-1.29877,-0.00900718,2.35777,1.51135,0.825111,-0.00437546,-0.0573878,0.083739,-0.00290336,-0.0531774,0.0106704,-0.00590453,0.000362253,-0.205585,-0.0736333,0.193385,-0.0107244,0.386386,-0.38052,-0.0108999,0.389501,-0.384978,0.0287195,-0.0890058,0.0419237,0.725982,-0.200123,-0.343157,0.140149,0.635793,-0.0190628
-0.0463552,-0.0001339,0.396442,0.0319602,-0.0099241,0.000448643,0.99944,-0.0728593,0.523068,-1.2246,-0.0615713,0.545978,-1.2476,-0.0617789,0.548567,-1.25159,-0.0706461,0.460388,-1.29794,0.00551119,2.35377,1.50449,0.827914,0.00834053,-0.057769,0.0727812,-0.00254588,-0.0439794,-0.0201849,0.00319092,-0.000231604,0.0196621,0.328062,-0.331107,0.0201067,0.323175,-0.32646,0.0200894,0.325709,-0.329025,0.0202991,0.317352,-0.322438,0.927779,0.103434,-0.559204,0.168982,0.685905,-0.00223401
-0.0450088,-0.000134513,0.395393,0.0317584,-0.009899,0.000444574,0.999446,-0.0724661,0.529628,-1.23122,-0.0611703,0.552441,-1.25414,-0.0613756,0.55508,-1.25818,-0.0702405,0.466733,-1.30439,0.0240654,2.35584,1.49331,0.831294,0.0220588,-0.0578137,0.0450884,-0.00167327,-0.0276151,-0.0124881,0.00188656,-0.000128454,0.0122162,0.204557,-0.206414,0.012456,0.201203,-0.203169,0.0124789,0.202975,-0.204942,0.0125598,0.19783,-0.200926,0.679043,-0.0139585,-0.275655,0.164007,0.687433,0.0163713
-0.0442215,-0.000138732,0.394664,0.0316334,-0.00988712,0.00044191,0.999451,-0.0722215,0.533718,-1.23535,-0.0609221,0.556464,-1.2582,-0.0611249,0.559139,-1.26228,-0.0699902,0.470688,-1.30841,0.037645,2.35556,1.4878,0.834574,0.0358076,-0.0574863,0.0257945,-0.000926447,-0.0165806,-0.0081481,0.000557741,-4.08354e-05,0.0079435,0.119072,-0.119635,0.00812266,0.116828,-0.117434,0.00808311,0.118665,-0.119564,0.00818004,0.115277,-0.116802,0.580615,-0.0693424,-0.125919,0.0964582,0.634722,0.0449218
-0.0438233,-0.00014216,0.39415,0.0315518,-0.00988863,0.000440175,0.999453,-0.0720621,0.536098,-1.23775,-0.0607603,0.558801,-1.26055,-0.0609625,0.561512,-1.26467,-0.069828,0.472991,-1.31074,0.049256,2.35417,1.48528,0.836503,0.0485021,-0.0565879,0.0116679,-0.000386043,-0.00836489,-0.00478031,-0.000397984,2.21684e-05,0.00463094,0.0561989,-0.0558341,0.00476716,0.0547558,-0.0543761,0.00467669,0.0565607,-0.0566893,0.00478562,0.0546112,-0.0550075,0.562684,-0.0664494,-0.0270473,0.00789465,0.539307,0.0951888
-0.0437095,-0.000145394,0.393796,0.0315037,-0.00989974,0.000439152,0.999455,-0.0719686,0.53722,-1.23887,-0.0606653,0.559896,-1.26164,-0.0608686,0.562643,-1.26581,-0.0697341,0.474081,-1.31185,0.0605085,2.35284,1.48474,0.836661,0.0592884,-0.0546842,-0.00232091,0.000218883,-0.000207815,-0.00410312,-0.00164957,0.000103272,0.00397855,-0.00555319,0.00714526,0.00406912,-0.00669104,0.00831884,0.00393337,-0.00379243,0.00460779,0.00406943,-0.00536412,0.00641513,0.59061,-0.0650959,0.115702,-0.0588198,0.397463,0.175128
-0.0438776,-0.000147108,0.3936,0.0314624,-0.00992333,0.000438685,0.999456,-0.0718878,0.537107,-1.23873,-0.0605839,0.559762,-1.26147,-0.06079,0.562568,-1.26571,-0.0696548,0.47397,-1.31172,0.0723196,2.35154,1.48705,0.835485,0.0672377,-0.0511816,-0.0210902,0.00114889,0.0104991,-0.352033,-0.097221,0.0068778,0.351192,0.00317033,0.094201,0.0680372,0.362077,-0.358346,0.639024,0.356921,-0.38655,0.352538,0.0113533,0.0856091,0.361898,0.142007,0.357312,-0.108839,0.215144,0.279838
-0.0444254,-0.000142554,0.393619,0.0279436,-0.0109057,0.000441467,0.99955,-0.0648622,0.537169,-1.23685,-0.0592232,0.567004,-1.26864,-0.0480096,0.569706,-1.27345,-0.0626064,0.474194,-1.31002,0.0795566,2.35438,1.4942,0.833308,0.0715407,-0.0455849,-0.0233155,0.000720512,0.0102393,-0.500406,-0.138491,0.00884005,0.499437,0.0360409,0.102653,0.335001,0.506899,-0.600605,0.566888,0.452147,-0.6109,0.501315,0.0468419,0.0907586,-0.0709107,0.25253,0.173836,-0.093343,0.0138586,0.377956
-0.045018,-0.000143987,0.393636,0.0229414,-0.0123015,0.000436272,0.999661,-0.0548713,0.537888,-1.2348,-0.0525231,0.577142,-1.28065,-0.0366719,0.578749,-1.28566,-0.0525826,0.475127,-1.30821,0.0781376,2.35943,1.49767,0.831441,0.0718179,-0.0380257,-0.0250357,0.000631903,0.0112291,-0.55616,-0.153597,0.00826142,0.555269,0.0436714,0.110053,0.464457,0.591603,-0.764216,0.520565,0.504675,-0.752174,0.557025,0.0543692,0.0982637,-0.316975,0.252246,0.0566648,-0.0472403,-0.178176,0.444782
-0.045646,-0.000145351,0.393676,0.0173816,-0.013848,0.000415069,0.999753,-0.0437632,0.538759,-1.2326,-0.043234,0.588975,-1.29594,-0.0262607,0.588843,-1.30071,-0.0414448,0.476211,-1.30625,0.0717976,2.36448,1.49881,0.830496,0.0682543,-0.02913,-0.0261924,0.000500851,0.0119635,-0.558545,-0.154277,0.00657843,0.557846,0.0397007,0.114607,0.506857,0.631935,-0.862888,0.480839,0.526244,-0.830982,0.559254,0.0493794,0.103861,-0.44412,0.204596,-0.0156221,-0.00352298,-0.326219,0.471698
-0.0462981,-0.00014684,0.393734,0.0117979,-0.0154005,0.000376667,0.999812,-0.0326032,0.539551,-1.23032,-0.0330969,0.601613,-1.31319,-0.016644,0.599368,-1.31733,-0.0302624,0.477195,-1.30418,0.0629148,2.36857,1.49849,0.830426,0.0617299,-0.019696,-0.0271838,0.000354291,0.012611,-0.52801,-0.146118,0.00459675,0.527533,0.027739,0.118327,0.495609,0.639195,-0.909563,0.433721,0.521869,-0.861637,0.528532,0.0361555,0.108871,-0.494236,0.142213,-0.0621509,0.023697,-0.41591,0.461832
-0.0469711,-0.000148541,0.393808,0.00651968,-0.0168705,0.000324175,0.999836,-0.0220489,0.540104,-1.22796,-0.0231847,0.614398,-1.33139,-0.00796966,0.609805,-1.33456,-0.0196945,0.477914,-1.30201,0.0530299,2.37141,1.49725,0.8309,0.0534116,-0.0104593,-0.0282864,0.000210881,0.0133108,-0.475923,-0.132229,0.00276329,0.47565,0.00952413,0.122597,0.451359,0.622483,-0.916036,0.375656,0.496336,-0.855466,0.476271,0.0167999,0.114307,-0.491449,0.0806199,-0.0928595,0.0332365,-0.449041,0.424242
-0.0476672,-0.000150403,0.393898,0.00176256,-0.0182009,0.000263094,0.999833,-0.0125318,0.540293,-1.22551,-0.0141576,0.626847,-1.34971,-0.000456638,0.619732,-1.35167,-0.0101718,0.478246,-1.29973,0.0432008,2.37302,1.49539,0.831565,0.0444307,-0.00197444,-0.0295796,7.6639e-05,0.0140986,-0.410742,-0.114907,0.00130811,0.410633,-0.0130754,0.127842,0.388032,0.589124,-0.892449,0.308606,0.454913,-0.8219,0.410952,-0.0066454,0.120422,-0.452964,0.026591,-0.112308,0.029949,-0.436613,0.369458
-0.0483902,-0.000152349,0.394005,-0.00234243,-0.0193574,0.000199676,0.99981,-0.00431462,0.54003,-1.22296,-0.00639697,0.63863,-1.36755,0.00571537,0.62883,-1.36811,-0.00195548,0.478109,-1.29733,0.0341415,2.37356,1.49315,0.832164,0.0356984,0.00541472,-0.031004,-4.70215e-05,0.0149357,-0.340009,-0.0961692,0.000305757,0.340016,-0.0377979,0.133809,0.315828,0.544989,-0.847188,0.237091,0.403064,-0.768917,0.340125,-0.0318795,0.126922,-0.393255,-0.0171856,-0.122783,0.0199185,-0.393077,0.306964
-0.0491428,-0.000154335,0.394131,-0.00573981,-0.0203261,0.000139532,0.999777,0.00249069,0.539272,-1.22029,-8.04616e-05,0.64953,-1.3845,0.0104571,0.636892,-1.38348,0.00484441,0.477468,-1.2948,0.0262765,2.37321,1.49069,0.832562,0.0278369,0.011554,-0.0324409,-0.000158765,0.0157526,-0.270239,-0.0777339,-0.000280116,0.270316,-0.0623782,0.139944,0.242334,0.494717,-0.787027,0.166186,0.345848,-0.703213,0.270301,-0.0566853,0.133304,-0.324535,-0.049988,-0.125954,0.00807213,-0.332512,0.244133
-0.0499252,-0.000156359,0.394275,-0.00843926,-0.0211101,8.66989e-05,0.999742,0.00790244,0.538023,-1.2175,0.00476617,0.659424,-1.40024,0.0137807,0.643808,-1.39755,0.0102479,0.47633,-1.29214,0.0197859,2.37221,1.48817,0.832724,0.0211866,0.0164367,-0.0337773,-0.000256522,0.0164848,-0.206273,-0.0608646,-0.000546545,0.206388,-0.0850116,0.145702,0.172866,0.441847,-0.717357,0.100182,0.287402,-0.630273,0.206314,-0.0793463,0.139109,-0.256122,-0.0723061,-0.123477,-0.00250971,-0.266515,0.185992
-0.0507352,-0.000158444,0.394435,-0.0104989,-0.0217253,4.33285e-05,0.999709,0.0120361,0.536321,-1.21459,0.00822344,0.668262,-1.41459,0.0157842,0.649557,-1.41015,0.0143717,0.474739,-1.28937,0.0146636,2.37077,1.4857,0.832673,0.0158563,0.0201565,-0.0349422,-0.000338496,0.0170939,-0.150975,-0.0462989,-0.000604579,0.151106,-0.104605,0.150723,0.110682,0.388932,-0.642393,0.0419417,0.230703,-0.554449,0.151016,-0.0988584,0.144067,-0.19413,-0.0855177,-0.117053,-0.0104095,-0.203399,0.135433
-0.0515692,-0.000160619,0.394608,-0.0120055,-0.0221946,9.91131e-06,0.999682,0.0150644,0.534228,-1.21158,0.010437,0.67604,-1.42743,0.0166229,0.654171,-1.42124,0.0173897,0.472758,-1.2865,0.0107812,2.36905,1.48336,0.832465,0.0117883,0.0228651,-0.0359165,-0.0004042,0.0175719,-0.105413,-0.034305,-0.000548924,0.105548,-0.120774,0.154893,0.0573255,0.337657,-0.565326,-0.00716756,0.177602,-0.479059,0.105465,-0.114907,0.148133,-0.141796,-0.0915647,-0.108303,-0.0153839,-0.148242,0.0936255
-0.0524232,-0.000162906,0.394792,-0.0130563,-0.022544,-1.42267e-05,0.999661,0.017182,0.531811,-1.20849,0.0115835,0.682794,-1.43874,0.0164794,0.657723,-1.43082,0.0194968,0.470455,-1.28354,0.00794547,2.36722,1.4812,0.832158,0.00882348,0.0247376,-0.0367264,-0.000454748,0.0179369,-0.0693395,-0.0248111,-0.000446257,0.0694737,-0.133692,0.158311,0.0130641,0.288971,-0.488435,-0.0469919,0.129032,-0.406502,0.0694064,-0.127705,0.151447,-0.100191,-0.0925904,-0.0986407,-0.0178678,-0.103427,0.0604881
-0.0532938,-0.000165314,0.394984,-0.0137464,-0.0227983,-3.03942e-05,0.999646,0.0185785,0.529136,-1.20533,0.0118447,0.688573,-1.44851,0.0155394,0.660303,-1.43895,0.0208828,0.467897,-1.28053,0.00594189,2.36537,1.47922,0.8318,0.00675494,0.0259474,-0.0374298,-0.000492494,0.0182244,-0.0417074,-0.0175416,-0.000336345,0.0418393,-0.143885,0.161229,-0.0226699,0.243228,-0.41317,-0.0781947,0.0852505,-0.338384,0.0417899,-0.137796,0.154277,-0.0689779,-0.0906291,-0.0891907,-0.0185885,-0.069382,0.0351464
-0.0541787,-0.000167843,0.395183,-0.0141601,-0.0229799,-4.01111e-05,0.999636,0.0194226,0.526257,-1.20212,0.0113912,0.693438,-1.45677,0.0139754,0.662008,-1.44572,0.0217166,0.465137,-1.27745,0.00456261,2.36356,1.47744,0.831429,0.0053673,0.0266503,-0.0381029,-0.000520402,0.0184787,-0.0210921,-0.012126,-0.000238717,0.0212226,-0.152061,0.163985,-0.0509093,0.200317,-0.340236,-0.101892,0.0460558,-0.275644,0.0211886,-0.145888,0.156961,-0.0470451,-0.0874123,-0.0807603,-0.0183156,-0.0453038,0.0163104
-0.0550773,-0.000170484,0.395388,-0.0143676,-0.0231072,-4.4831e-05,0.99963,0.0198547,0.523214,-1.19884,0.010373,0.697444,-1.46358,0.0119374,0.662929,-1.45124,0.0221384,0.462215,-1.27432,0.00362201,2.36181,1.47582,0.831062,0.00446122,0.0269765,-0.0388292,-0.000541472,0.0187464,-0.00597678,-0.00817199,-0.000159995,0.00610716,-0.158984,0.16695,-0.0728759,0.159774,-0.269675,-0.119376,0.0109568,-0.218658,0.0060852,-0.152737,0.159864,-0.0329546,-0.0842917,-0.0738582,-0.0177298,-0.0297619,0.00255732
-0.0559905,-0.000173223,0.3956,-0.0144239,-0.023195,-4.57903e-05,0.999627,0.0199847,0.520033,-1.19551,0.00891538,0.70064,-1.46897,0.00954976,0.663149,-1.45561,0.0222583,0.459156,-1.27113,0.00296324,2.36012,1.47435,0.830708,0.00386598,0.0270277,-0.0396919,-0.000558341,0.0190723,0.00507583,-0.00530933,-9.97549e-05,-0.0049443,-0.165394,0.170496,-0.0897939,0.120886,-0.200961,-0.13193,-0.0207126,-0.167346,-0.00495751,-0.159072,0.163344,-0.02523,-0.0822434,-0.0687339,-0.017377,-0.0211348,-0.00748108
-0.0569211,-0.000176042,0.395818,-0.0143695,-0.023254,-4.39499e-05,0.999626,0.0198939,0.516724,-1.19211,0.00711943,0.703058,-1.47299,0.00691102,0.662734,-1.45896,0.0221575,0.455971,-1.26788,0.00245899,2.35848,1.47297,0.83036,0.00344327,0.026878,-0.0407701,-0.000573081,0.0194966,0.0133289,-0.00321346,-5.44687e-05,-0.0131954,-0.171965,0.174969,-0.102773,0.0827669,-0.133089,-0.140714,-0.0497121,-0.121259,-0.0132023,-0.165551,0.167733,-0.0225273,-0.0819112,-0.0654219,-0.0176766,-0.0178898,-0.0150085
-0.0578735,-0.000178922,0.396044,-0.0142326,-0.023292,-3.99948e-05,0.999627,0.0196383,0.513283,-1.18862,0.0050639,0.704713,-1.47565,0.00409659,0.66174,-1.46138,0.0218919,0.452656,-1.26453,0.00200881,2.35684,1.47166,0.830007,0.00308546,0.0265779,-0.0421352,-0.000587133,0.0200536,0.0198252,-0.00161717,-1.98652e-05,-0.0196894,-0.179273,0.180682,-0.112737,0.0444237,-0.0646835,-0.146701,-0.0768392,-0.0796604,-0.0196914,-0.17274,0.173332,-0.0237277,-0.083655,-0.0637738,-0.0189534,-0.018738,-0.0210104
-0.0588535,-0.00018184,0.39628,-0.0140306,-0.023314,-3.43673e-05,0.99963,0.019253,0.509697,-1.18501,0.00280907,0.705602,-1.47695,0.00116242,0.660203,-1.46297,0.0214966,0.449197,-1.26108,0.00153465,2.35517,1.47039,0.829628,0.00271069,0.0261576,-0.0438506,-0.000601323,0.0207711,0.0253668,-0.000315554,7.80985e-06,-0.0252289,-0.187796,0.187904,-0.120392,0.0048146,0.00590845,-0.15064,-0.102889,-0.0415972,-0.0252266,-0.181107,0.180402,-0.0279786,-0.0875786,-0.0634697,-0.0214725,-0.0227026,-0.0262348
-0.0598683,-0.000184774,0.39653,-0.0137732,-0.0233229,-2.7317e-05,0.999633,0.018757,0.50594,-1.18126,0.000401142,0.705698,-1.47683,-0.00185054,0.658145,-1.46381,0.0209907,0.445571,-1.25748,0.000975497,2.35342,1.46912,0.829198,0.00225662,0.0256329,-0.0459715,-0.000615918,0.0216708,0.0305089,0.000832323,3.12049e-05,-0.0303693,-0.197905,0.196866,-0.126204,-0.0371007,0.080505,-0.153045,-0.128624,-0.0059681,-0.0303627,-0.191015,0.189167,-0.0347032,-0.0935262,-0.0640043,-0.0254634,-0.0291331,-0.0311915
-0.0609261,-0.000187702,0.396796,-0.0134643,-0.0233202,-1.89589e-05,0.999637,0.0181583,0.501981,-1.17733,-0.00212302,0.704956,-1.47522,-0.0049116,0.655573,-1.46392,0.0203821,0.441747,-1.25371,0.000281871,2.35154,1.46784,0.828689,0.00167394,0.0250091,-0.0485454,-0.000630705,0.0227683,0.0355592,0.0019033,5.16606e-05,-0.0354186,-0.209869,0.207761,-0.130399,-0.0823123,0.16098,-0.154188,-0.154748,0.0284151,-0.0354075,-0.20273,0.199816,-0.0435881,-0.101038,-0.0646505,-0.0311216,-0.0376909,-0.0361591
-0.0620361,-0.000190597,0.397081,-0.0131049,-0.0233068,-9.335e-06,0.999642,0.0174586,0.497782,-1.17318,-0.00473109,0.70331,-1.472,-0.00799551,0.652478,-1.46336,0.0196728,0.437688,-1.24972,-0.00058943,2.34952,1.46655,0.828067,0.000920105,0.0242859,-0.0516137,-0.000645083,0.0240737,0.0405812,0.00291064,6.92329e-05,-0.0404404,-0.223863,0.220752,-0.132967,-0.131712,0.249145,-0.154104,-0.181887,0.0627662,-0.0404245,-0.216426,0.212508,-0.0545561,-0.109266,-0.0644063,-0.0385822,-0.0483206,-0.0411924
-0.0632083,-0.000193436,0.397388,-0.0126953,-0.0232831,1.5257e-06,0.999648,0.0166586,0.493304,-1.16878,-0.00739052,0.700676,-1.46701,-0.0110777,0.64884,-1.4621,0.0188632,0.433356,-1.24548,-0.00168007,2.34734,1.46526,0.827295,-4.63273e-05,0.0234621,-0.0552132,-0.00065818,0.0255928,0.0453987,0.00380507,8.28725e-05,-0.0452582,-0.239976,0.235974,-0.13368,-0.186044,0.346615,-0.152603,-0.210567,0.0982647,-0.0452376,-0.232191,0.227381,-0.0677266,-0.116859,-0.0619354,-0.0478598,-0.0612114,-0.0461298
-0.0644537,-0.00019619,0.397722,-0.0122375,-0.0232504,1.35476e-05,0.999655,0.0157621,0.488503,-1.16407,-0.0100642,0.696955,-1.46008,-0.01413,0.644629,-1.46014,0.0179573,0.428709,-1.24094,-0.00303409,2.345,1.46402,0.826338,-0.00127058,0.0225395,-0.0593777,-0.000669004,0.0273272,0.0496039,0.00447671,9.07435e-05,-0.0494644,-0.258217,0.253549,-0.132109,-0.245845,0.454675,-0.149288,-0.241197,0.135993,-0.0494395,-0.250037,0.244558,-0.0833609,-0.121834,-0.0555183,-0.0587515,-0.0767458,-0.0505989
-0.0657835,-0.000198833,0.398086,-0.0117378,-0.0232109,2.65538e-05,0.999662,0.0147814,0.483338,-1.159,-0.0127065,0.692038,-1.45099,-0.0171159,0.639805,-1.45742,0.0169675,0.423704,-1.23606,-0.00470079,2.34256,1.46291,0.825163,-0.00280551,0.0215275,-0.0641392,-0.00067664,0.0292749,0.0525735,0.00475902,9.06653e-05,-0.0524354,-0.278528,0.273583,-0.127659,-0.311391,0.574116,-0.143585,-0.27405,0.17687,-0.0524073,-0.269908,0.264149,-0.101787,-0.121445,-0.0430317,-0.0707001,-0.0954228,-0.0540235
-0.06721,-0.000201331,0.398483,-0.0112084,-0.0231685,4.02181e-05,0.999669,0.0137412,0.477766,-1.15354,-0.0152597,0.685811,-1.43951,-0.0199877,0.634324,-1.45388,0.0159184,0.418302,-1.23079,-0.00673598,2.34013,1.46205,0.823749,-0.00471399,0.020447,-0.0695274,-0.000680517,0.0314298,0.0534968,0.00443619,8.06271e-05,-0.0533603,-0.300786,0.296171,-0.119615,-0.38262,0.705064,-0.134782,-0.30924,0.221582,-0.0533302,-0.291687,0.286252,-0.123294,-0.112119,-0.021982,-0.0826216,-0.117733,-0.055636
-0.0687459,-0.000203649,0.398916,-0.0106699,-0.0231292,5.40264e-05,0.999676,0.0126822,0.47175,-1.14762,-0.0176521,0.678158,-1.4254,-0.0226835,0.628139,-1.44945,0.0148509,0.412465,-1.22507,-0.0092013,2.33789,1.46161,0.822096,-0.00706867,0.0193343,-0.0755676,-0.00068072,0.0337807,0.0514208,0.00325541,5.92424e-05,-0.0512863,-0.324808,0.321382,-0.107196,-0.459058,0.846793,-0.12209,-0.3467,0.270501,-0.0512558,-0.315197,0.310943,-0.147986,-0.0894841,0.010376,-0.0927083,-0.143957,-0.0545019
-0.0704042,-0.000205745,0.399389,-0.0101522,-0.0231016,6.72514e-05,0.999682,0.0116646,0.465253,-1.1412,-0.0197961,0.668977,-1.40847,-0.0251255,0.621205,-1.44404,0.0138248,0.406158,-1.21886,-0.0121605,2.3361,1.46182,0.820242,-0.00994784,0.0182443,-0.0822741,-0.000678368,0.036308,0.0453175,0.000945299,2.59239e-05,-0.0451852,-0.350343,0.349237,-0.0896327,-0.539722,0.997512,-0.104719,-0.38615,0.323602,-0.045156,-0.340191,0.338247,-0.175588,-0.0485626,0.0567913,-0.0982438,-0.173851,-0.0495674
-0.0721987,-0.000207574,0.399904,-0.00969574,-0.023097,7.89418e-05,0.999686,0.0107687,0.458245,-1.13422,-0.0215889,0.658183,-1.38852,-0.02722,0.613482,-1.43756,0.0129208,0.399351,-1.21211,-0.0156717,2.33513,1.46295,0.818278,-0.0134249,0.0172529,-0.0896389,-0.000675987,0.0389791,0.0341713,-0.00275953,-1.9501e-05,-0.0340416,-0.377046,0.379655,-0.0662527,-0.623014,1.15415,-0.0819645,-0.427058,0.380372,-0.0340153,-0.366335,0.368095,-0.205197,0.015785,0.119575,-0.0955019,-0.206189,-0.0397479
-0.0741424,-0.000209083,0.400463,-0.00935084,-0.0231292,8.79247e-05,0.999689,0.0100953,0.450703,-1.12664,-0.022914,0.645723,-1.36544,-0.0288594,0.60494,-1.42996,0.0122395,0.392021,-1.20475,-0.019775,2.33545,1.46534,0.816368,-0.0175487,0.016458,-0.0976135,-0.000677833,0.0417413,0.0170837,-0.00808858,-7.79797e-05,-0.016957,-0.404434,0.412382,-0.0365943,-0.706603,1.3121,-0.0533175,-0.468579,0.439708,-0.016935,-0.39316,0.400248,-0.234997,0.108115,0.19987,-0.0798596,-0.238166,-0.0240783
-0.0762479,-0.000210217,0.401066,-0.00917694,-0.0232147,9.28179e-05,0.999688,0.00976325,0.442614,-1.11839,-0.023646,0.631591,-1.33919,-0.0299259,0.595569,-1.42116,0.0118999,0.384155,-1.19676,-0.0244744,2.33761,1.46934,0.81477,-0.022312,0.0159764,-0.106084,-0.000690022,0.0445132,-0.00660774,-0.015201,-0.000153284,0.0067313,-0.431817,0.446889,-0.000555332,-0.787283,1.46498,-0.0185797,-0.509495,0.499815,0.0067472,-0.420001,0.434199,-0.261947,0.231285,0.296498,-0.0463281,-0.264721,-0.00194804
-0.078525,-0.000210917,0.401713,-0.00924009,-0.0233711,9.20452e-05,0.999684,0.00990454,0.433977,-1.10946,-0.0236572,0.615845,-1.30989,-0.0302977,0.585379,-1.41117,0.0120338,0.375753,-1.18808,-0.0297129,2.34223,1.47527,0.813844,-0.0276065,0.0159374,-0.114839,-0.00072028,0.0471762,-0.0371871,-0.0241445,-0.000254598,0.0373079,-0.458213,0.482243,0.0413824,-0.860849,1.60438,0.0219872,-0.548134,0.558097,0.0373145,-0.44591,0.46905,-0.281464,0.384926,0.404234,0.00924699,-0.277963,0.0265744
-0.0809796,-0.000211133,0.402401,-0.00960916,-0.0236168,8.38579e-05,0.999675,0.0106569,0.424812,-1.09982,-0.0228296,0.598629,-1.27781,-0.0298581,0.574416,-1.40001,0.012779,0.366832,-1.17871,-0.0353417,2.34993,1.48336,0.814029,-0.0331658,0.0164689,-0.123533,-0.000777046,0.049566,-0.0743511,-0.0347961,-0.000398725,0.0744709,-0.482265,0.51696,0.0877838,-0.921981,1.71957,0.0674551,-0.582304,0.611051,0.0744621,-0.469581,0.503369,-0.287081,0.563424,0.51146,0.088106,-0.267091,0.0603599
-0.0836103,-0.000210826,0.403124,-0.01035,-0.0239689,6.63775e-05,0.999659,0.012152,0.415166,-1.08949,-0.021074,0.580189,-1.24341,-0.0285091,0.56277,-1.38778,0.0142671,0.357438,-1.16865,-0.0410829,2.3612,1.49359,0.815791,-0.0385077,0.0176761,-0.131643,-0.00086759,0.0514661,-0.11683,-0.0467583,-0.000609918,0.116953,-0.502172,0.548845,0.135659,-0.96418,1.79727,0.11591,-0.609239,0.654174,0.116918,-0.48928,0.535026,-0.269979,0.753235,0.597413,0.18569,-0.219411,0.0968845
-0.0864052,-0.000209992,0.40387,-0.0115157,-0.0244403,3.77246e-05,0.999635,0.0144962,0.405122,-1.07852,-0.0183609,0.560906,-1.20747,-0.0261911,0.550585,-1.3747,0.0166043,0.34765,-1.15795,-0.0464821,2.37626,1.50553,0.819505,-0.042896,0.0196138,-0.138407,-0.000994755,0.0525987,-0.161652,-0.0591595,-0.000913385,0.161784,-0.515662,0.574755,0.179573,-0.97981,1.82139,0.163938,-0.625559,0.681901,0.161708,-0.502814,0.560959,-0.21821,0.929108,0.629987,0.288695,-0.123264,0.132119
-0.089337,-0.000208692,0.404625,-0.0131297,-0.0250356,-3.62709e-06,0.9996,0.0177364,0.394808,-1.06703,-0.0147695,0.54131,-1.17104,-0.0229124,0.538074,-1.36106,0.0198371,0.337592,-1.14674,-0.050846,2.39484,1.51813,0.825279,-0.0453614,0.0222562,-0.142724,-0.0011519,0.0526053,-0.202795,-0.0702903,-0.00131479,0.202945,-0.519972,0.590217,0.210597,-0.960254,1.7729,0.205832,-0.627174,0.687651,0.202809,-0.507502,0.576779,-0.115398,1.04838,0.566174,0.373993,0.0263806,0.16085
-0.0923559,-0.000207116,0.405367,-0.0151552,-0.0257419,-5.79917e-05,0.999554,0.0217992,0.384409,-1.05523,-0.0105576,0.522105,-1.13558,-0.0187959,0.52553,-1.34731,0.0238919,0.327441,-1.13521,-0.0531539,2.41581,1.52946,0.832759,-0.0448338,0.0254732,-0.142975,-0.00131566,0.0510033,-0.229024,-0.0770182,-0.0017538,0.229194,-0.511725,0.588722,0.215784,-0.89626,1.62977,0.232464,-0.608966,0.664081,0.228993,-0.500034,0.576046,0.0610914,1.04222,0.358729,0.412761,0.219624,0.17754
-0.0953791,-0.000205708,0.406067,-0.0174431,-0.0265152,-0.00012266,0.999496,0.0263864,0.374174,-1.04346,-0.00624201,0.50418,-1.10299,-0.0141467,0.513351,-1.33403,0.0284703,0.317439,-1.1237,-0.0519321,2.43665,1.53663,0.841014,-0.0404414,0.029024,-0.136723,-0.00143707,0.047108,-0.22104,-0.074013,-0.00202281,0.221217,-0.486552,0.560567,0.179911,-0.778457,1.36699,0.229838,-0.563934,0.603798,0.220983,-0.476052,0.549074,0.34203,0.803002,-0.0265383,0.383895,0.422478,0.177613
-0.0982741,-0.000205331,0.406687,-0.0196514,-0.0272581,-0.000188623,0.999435,0.0308134,0.364443,-1.03225,-0.00264381,0.488611,-1.07565,-0.00955007,0.502072,-1.32195,0.0328883,0.307916,-1.11272,-0.0450917,2.45271,1.5361,0.848692,-0.0319917,0.0325763,-0.120335,-0.00141587,0.0400109,-0.149268,-0.0530779,-0.00168134,0.149401,-0.438329,0.491417,0.0934099,-0.598328,0.956513,0.176953,-0.481481,0.500901,0.149241,-0.429397,0.481542,0.766723,0.169436,-0.580698,0.298562,0.572312,0.158746
-0.100835,-0.000206966,0.407173,-0.0211429,-0.0277915,-0.000235919,0.99939,0.0338033,0.355676,-1.02243,-0.000775649,0.476644,-1.05652,-0.00601109,0.492442,-1.31193,0.0358713,0.299327,-1.10309,-0.0297577,2.4561,1.52449,0.854664,-0.0205453,0.0357512,-0.0887177,7.81697e-05,0.0350493,0.00577461,-0.00711324,-0.000212218,-0.00593563,-0.361633,0.36833,-0.00519372,-0.360666,0.367812,-0.00619574,-0.355807,0.35773,-0.00649256,-0.354912,0.363829,1.35171,-1.02729,-1.26789,0.221642,0.58959,0.121339
-0.102759,-0.000181134,0.407595,-0.0210853,-0.0278653,-0.000235253,0.999389,0.0336862,0.348443,-1.01506,-0.000880091,0.469431,-1.04916,-0.00613484,0.485326,-1.30478,0.03574,0.292228,-1.09582,-0.00272395,2.43556,1.49913,0.859096,-0.00875328,0.038178,-0.0511896,-0.000201218,0.0201782,0.00541692,-0.00342928,-8.54396e-05,-0.00538784,-0.208967,0.212112,-0.00502061,-0.207845,0.211262,-0.00552164,-0.206196,0.206892,-0.00579157,-0.205248,0.20986,0.743589,-1.33387,-1.14352,-0.0372792,0.474336,0.0731985
-0.103917,-0.000172551,0.407763,-0.0210316,-0.027902,-0.000234153,0.999389,0.0335796,0.344264,-1.01082,-0.000981593,0.465275,-1.04494,-0.00624485,0.481202,-1.30064,0.035623,0.288122,-1.09163,0.0121476,2.40888,1.47626,0.858351,0.0007336,0.039642,-0.0422219,-0.000181903,0.0162254,0.00446684,-0.00298375,-7.36173e-05,-0.00444432,-0.171686,0.174448,-0.00413693,-0.170434,0.173382,-0.00454886,-0.168917,0.169536,-0.00474738,-0.168581,0.172445,0.216349,-1.38094,-1.05063,-0.27302,0.235273,0.0125263
-0.104891,-0.000166267,0.407863,-0.0209875,-0.027934,-0.000233191,0.999389,0.0334915,0.34083,-1.00734,-0.00106592,0.461866,-1.04147,-0.00633517,0.477823,-1.29726,0.0355273,0.284751,-1.08818,0.0164745,2.38126,1.45525,0.85289,0.00543909,0.0398926,-0.0468558,-0.000240927,0.0179251,0.00529942,-0.00325964,-7.87811e-05,-0.0052624,-0.190653,0.193686,-0.00492893,-0.188945,0.192156,-0.00536932,-0.187394,0.188078,-0.0055893,-0.18719,0.191477,-0.252538,-1.45651,-0.887934,-0.39836,-0.0298652,-0.0644358
-0.105959,-0.000159131,0.407991,-0.0209353,-0.0279685,-0.000231872,0.99939,0.0333866,0.337018,-1.00346,-0.00116656,0.458088,-1.03763,-0.00644168,0.474075,-1.2935,0.0354151,0.281007,-1.08435,0.011424,2.35214,1.43749,0.844922,0.0048417,0.0386039,-0.0652965,-0.000436395,0.025067,0.00980769,-0.00468154,-0.000103027,-0.00969476,-0.265394,0.269687,-0.00927083,-0.263214,0.267842,-0.00986581,-0.261562,0.262857,-0.0101802,-0.26017,0.266331,-0.650424,-1.50505,-0.573598,-0.385216,-0.229977,-0.160152
-0.107403,-0.000149355,0.40824,-0.0208382,-0.0280167,-0.000229133,0.99939,0.0331926,0.331711,-0.99807,-0.00135451,0.452824,-1.03228,-0.00663793,0.468843,-1.28824,0.0352115,0.275805,-1.07902,-0.00158411,2.32204,1.42602,0.837218,0.000241987,0.0354008,-0.106714,6.29549e-05,0.0517384,0.342255,-0.0883557,0.000347624,-0.0357201,0.473569,-0.64064,-0.342277,-0.365256,0.45349,-0.34209,-0.367929,0.455647,-0.475049,0.462058,-0.506178,-0.638588,-0.625891,-0.0930528,-0.351186,-0.323968,-0.267599
-0.109705,-0.000111463,0.408979,-0.0174194,-0.0289017,-0.000111353,0.99943,0.0324781,0.341183,-1.01088,-0.00820324,0.445519,-1.02321,-0.0134788,0.461484,-1.27914,0.0257105,0.285047,-1.08915,-0.0143555,2.30952,1.42415,0.830194,-0.00623753,0.0300488,-0.111271,0.000720669,0.0518537,0.467589,-0.122225,0.00128409,-0.26398,0.894611,-1.32356,-0.467762,-0.347417,0.469534,-0.467477,-0.350092,0.471162,-0.458782,0.860859,-1.0778,-0.327331,0.148747,-0.0126837,-0.209142,-0.314641,-0.355672
-0.1121,-6.89339e-05,0.409716,-0.0127484,-0.0301247,5.78387e-05,0.999465,0.0271985,0.359076,-1.03735,-0.0175623,0.438571,-1.01382,-0.0228276,0.454481,-1.26972,0.0165349,0.302265,-1.1107,-0.0209019,2.31249,1.4239,0.826011,-0.0125304,0.0229353,-0.11073,0.00117963,0.0506501,0.496788,-0.129821,0.00258145,-0.357392,1.15153,-1.80852,-0.497108,-0.335435,0.465156,-0.496537,-0.338885,0.467563,-0.43235,1.08497,-1.48521,-0.148055,0.538495,0.100495,-0.0176333,-0.239278,-0.404543
-0.114484,-2.79359e-05,0.410429,-0.00778602,-0.0314227,0.000249676,0.999476,0.0200507,0.382107,-1.07352,-0.0275088,0.431862,-1.00452,-0.0327579,0.447703,-1.26037,0.00788797,0.323965,-1.14041,-0.0238628,2.32327,1.42591,0.825658,-0.017316,0.0148444,-0.107253,0.00159226,0.0481395,0.46681,-0.121799,0.00363177,-0.365072,1.29783,-2.11838,-0.46725,-0.326853,0.448572,-0.466447,-0.330841,0.451535,-0.387972,1.19859,-1.74404,-0.0621901,0.681331,0.192314,0.14012,-0.148136,-0.410945
-0.116798,1.08143e-05,0.411097,-0.00312384,-0.0326398,0.000441881,0.999462,0.0127493,0.408064,-1.11589,-0.0368588,0.425326,-0.995556,-0.0420867,0.441085,-1.25135,0.000128586,0.347937,-1.17529,-0.0251065,2.33689,1.42976,0.828461,-0.0202787,0.00662549,-0.102474,0.00190713,0.0451129,0.408352,-0.106328,0.00416036,-0.326215,1.36553,-2.28109,-0.408858,-0.32057,0.426838,-0.407936,-0.324708,0.429972,-0.32864,1.23913,-1.87669,-0.0272714,0.681361,0.237596,0.231537,-0.0712756,-0.383258
-0.119014,4.71433e-05,0.41171,0.000953528,-0.0337018,0.000619721,0.999431,0.00622511,0.435375,-1.16151,-0.0450414,0.418915,-0.987024,-0.0502457,0.43459,-1.24276,-0.00644416,0.37272,-1.21282,-0.0256518,2.35052,1.43451,0.833091,-0.0217042,-0.00103971,-0.0972721,0.00211639,0.0419905,0.341633,-0.0887499,0.00419279,-0.267525,1.37686,-2.32477,-0.342153,-0.314974,0.403674,-0.34122,-0.318924,0.406643,-0.262764,1.23106,-1.90726,-0.0146267,0.607073,0.237948,0.259263,-0.0190328,-0.334687
-0.121123,8.10904e-05,0.412269,0.00436357,-0.034588,0.000775484,0.999392,0.000874713,0.462913,-1.20801,-0.0518905,0.412616,-0.978955,-0.0570706,0.428211,-1.23463,-0.0116994,0.397342,-1.25097,-0.0259443,2.36266,1.43927,0.838277,-0.0220848,-0.00773347,-0.0920526,0.00223419,0.0389581,0.277966,-0.072036,0.00388919,-0.205315,1.34838,-2.27567,-0.278465,-0.308739,0.380725,-0.277595,-0.312289,0.383317,-0.197779,1.19129,-1.85882,-0.00883234,0.500513,0.207265,0.241675,0.0105065,-0.277864
-0.123126,0.000112781,0.412776,0.00713688,-0.0353072,0.000906834,0.999351,-0.00323149,0.489881,-1.25352,-0.0574664,0.406441,-0.971346,-0.0626233,0.421965,-1.22697,-0.0156549,0.421168,-1.28814,-0.0261209,2.37267,1.44341,0.84311,-0.0218747,-0.0132907,-0.0870091,0.00228162,0.0360995,0.222341,-0.0574801,0.00341534,-0.148215,1.29274,-2.1573,-0.222802,-0.301318,0.358739,-0.222032,-0.304372,0.360858,-0.138273,1.13159,-1.75219,-0.00347132,0.386225,0.161192,0.199355,0.0241609,-0.222067
-0.125024,0.000142378,0.413235,0.00935392,-0.0358812,0.00101476,0.999312,-0.00619569,0.515736,-1.29667,-0.0619295,0.400416,-0.964176,-0.0670651,0.415877,-1.21976,-0.0184203,0.443801,-1.32319,-0.0261903,2.3804,1.44664,0.847097,-0.0213915,-0.0177321,-0.0822616,0.0022798,0.0334615,0.175975,-0.0453823,0.00288968,-0.0998374,1.21949,-1.99011,-0.176393,-0.292856,0.338164,-0.175735,-0.295399,0.339795,-0.0862782,1.06017,-1.60539,0.00301122,0.277897,0.111961,0.148548,0.0289252,-0.172632
-0.126823,0.000170071,0.413649,0.0111073,-0.0363345,0.00110184,0.999277,-0.00819233,0.540127,-1.33647,-0.065465,0.394559,-0.957418,-0.0705812,0.409968,-1.21297,-0.0201457,0.465005,-1.3553,-0.0261301,2.38595,1.44888,0.850068,-0.020813,-0.0211847,-0.077904,0.00224706,0.0310756,0.138224,-0.0355577,0.00237966,-0.0609247,1.13578,-1.79138,-0.138601,-0.283887,0.319354,-0.138053,-0.285951,0.320527,-0.0421647,0.982665,-1.43357,0.0101589,0.182594,0.0671155,0.0995297,0.0298893,-0.131625
-0.128533,0.000196068,0.414024,0.0124831,-0.0366899,0.0011711,0.999248,-0.00941072,0.562843,-1.3723,-0.0682451,0.388882,-0.951036,-0.073344,0.404249,-1.20657,-0.0209889,0.484658,-1.38397,-0.025927,2.3896,1.45022,0.852059,-0.0202152,-0.0238172,-0.0740144,0.00219801,0.0289634,0.107736,-0.0276393,0.00191567,-0.0307926,1.0468,-1.57522,-0.108078,-0.275072,0.302604,-0.10763,-0.276707,0.303367,-0.00542318,0.90293,-1.24902,0.017063,0.103259,0.0301893,0.0574607,0.0299277,-0.0989475
-0.130162,0.000220595,0.414365,0.013554,-0.0369663,0.00122543,0.999224,-0.0100265,0.583779,-1.4038,-0.0704153,0.383382,-0.94499,-0.0754986,0.398714,-1.20051,-0.0210973,0.502717,-1.40895,-0.0255859,2.39167,1.45082,0.853208,-0.0196166,-0.0257961,-0.0706546,0.00214359,0.027137,0.0830258,-0.0212294,0.00150573,-0.00818385,0.956207,-1.35276,-0.083337,-0.26704,0.288147,-0.0829771,-0.268302,0.288555,0.024823,0.823563,-1.06142,0.0230378,0.0402051,0.00199664,0.0240036,0.030234,-0.073363
-0.131722,0.000243886,0.414675,0.0143777,-0.0371789,0.00126731,0.999204,-0.0101901,0.602904,-1.43086,-0.0720911,0.378042,-0.939232,-0.0771605,0.393348,-1.19475,-0.0206007,0.519189,-1.43018,-0.0251253,2.39247,1.45086,0.853688,-0.0190119,-0.0272634,-0.0678711,0.00209154,0.0256006,0.062712,-0.0159609,0.0011459,0.00828672,0.866471,-1.13239,-0.0629984,-0.260328,0.276152,-0.0627158,-0.261271,0.276256,0.0495396,0.746256,-0.87806,0.0278141,-0.00791162,-0.0181831,-0.00118429,0.0310573,-0.0532395
-0.133223,0.000266177,0.414961,0.0149981,-0.037339,0.00129871,0.999189,-0.0100242,0.620233,-1.4535,-0.0733605,0.372836,-0.933715,-0.0784175,0.388122,-1.18923,-0.0196098,0.534115,-1.44774,-0.0245693,2.39232,1.4505,0.853665,-0.0183908,-0.0283282,-0.0656987,0.00204717,0.0243527,0.0455964,-0.0115162,0.000826676,0.019928,0.779098,-0.919995,-0.0458621,-0.255377,0.266744,-0.045648,-0.256046,0.266589,0.0696483,0.672041,-0.704131,0.031522,-0.0433851,-0.0317598,-0.0193877,0.0323115,-0.0369807
-0.13468,0.000287708,0.415227,0.0154474,-0.0374548,0.0013211,0.999178,-0.00962559,0.635816,-1.4719,-0.0742876,0.367729,-0.928386,-0.0793333,0.383,-1.18391,-0.0182167,0.547556,-1.46182,-0.0239392,2.39145,1.44986,0.853277,-0.0177445,-0.0290678,-0.0641656,0.00201398,0.0233893,0.0306722,-0.00762936,0.000536672,0.0278946,0.694862,-0.71935,-0.0309199,-0.252552,0.26002,-0.0307679,-0.252985,0.259643,0.085973,0.601466,-0.543004,0.0346045,-0.0689314,-0.040321,-0.0321947,0.0339563,-0.0232219
-0.136104,0.000308715,0.415477,0.0157472,-0.0375319,0.00133552,0.99917,-0.00906762,0.649713,-1.48629,-0.0749161,0.362679,-0.923191,-0.0799519,0.37794,-1.17872,-0.0164972,0.559585,-1.47268,-0.0232474,2.39007,1.44906,0.852633,-0.0170654,-0.0295322,-0.0632988,0.00199417,0.0227052,0.0171106,-0.00408157,0.000264666,0.0331678,0.613966,-0.532399,-0.0173416,-0.252164,0.256075,-0.0172479,-0.252391,0.255502,0.0992239,0.534707,-0.396521,0.0377245,-0.0873047,-0.0453593,-0.0411677,0.0361699,-0.0108783
-0.137509,0.000329431,0.415716,0.0159114,-0.0375737,0.00134261,0.999166,-0.00840419,0.661993,-1.49694,-0.0752735,0.357636,-0.918076,-0.0803002,0.372892,-1.17362,-0.0145126,0.57028,-1.48061,-0.0224934,2.38832,1.44815,0.85181,-0.016342,-0.0297498,-0.0631281,0.00198905,0.0222963,0.00424097,-0.000695749,7.10647e-07,0.036561,0.536178,-0.3596,-0.00445575,-0.254495,0.25501,-0.00441852,-0.254539,0.254265,0.11,0.471651,-0.265271,0.0416864,-0.101039,-0.0481409,-0.0477055,0.0393795,0.000881233
-0.138911,0.00035009,0.415948,0.0159469,-0.0375817,0.00134269,0.999165,-0.0076729,0.672717,-1.50413,-0.0753734,0.352547,-0.912981,-0.0803923,0.367801,-1.16854,-0.0123124,0.579713,-1.48591,-0.0216601,2.3863,1.44719,0.850856,-0.0155543,-0.0297322,-0.063689,0.00199924,0.0221598,-0.00846971,0.00266921,-0.000263297,0.0387328,0.46094,-0.200241,0.00827178,-0.259813,0.256954,0.00825251,-0.259692,0.256052,0.118794,0.411959,-0.148834,0.0473731,-0.112287,-0.0496412,-0.0530074,0.0442143,0.0126842
-0.140323,0.000370925,0.416177,0.0158552,-0.0375563,0.00133581,0.999168,-0.00689817,0.681936,-1.50814,-0.0752189,0.347352,-0.907848,-0.0802311,0.362607,-1.16343,-0.00993642,0.587953,-1.48889,-0.0207132,2.38406,1.44619,0.849795,-0.01467,-0.0294785,-0.0650238,0.00202478,0.0222943,-0.0214351,0.00612333,-0.00053332,0.0402027,0.38745,-0.0527312,0.0212553,-0.26838,0.262058,0.0211782,-0.268107,0.261012,0.126006,0.355099,-0.0460149,0.0556947,-0.122733,-0.0505025,-0.0580837,0.0514306,0.0250024
-0.141761,0.00039217,0.416408,0.0156338,-0.0374964,0.00132185,0.999174,-0.00609406,0.689685,-1.50919,-0.074805,0.341985,-0.902613,-0.0798116,0.357245,-1.15822,-0.00741618,0.595055,-1.48981,-0.0195999,2.3816,1.44518,0.848634,-0.0136414,-0.0289784,-0.067182,0.00206509,0.0226987,-0.0349629,0.00974922,-0.000813003,0.0413636,0.314742,0.0851283,0.0348031,-0.280458,0.270503,0.0346661,-0.280045,0.269322,0.131943,0.300389,0.0449492,0.0675442,-0.133526,-0.0509888,-0.0637819,0.0618352,0.0381861
-0.143243,0.000414059,0.416644,0.0152773,-0.0374004,0.00130052,0.999183,-0.00526673,0.695981,-1.50749,-0.0741203,0.336377,-0.897208,-0.0791225,0.351644,-1.15284,-0.00477719,0.601063,-1.48891,-0.0182497,2.37893,1.44416,0.847358,-0.0124047,-0.0282147,-0.0702196,0.00211894,0.0233719,-0.0492623,0.0136039,-0.0011035,0.0424926,0.241755,0.215895,0.0491246,-0.296308,0.28249,0.0489252,-0.295765,0.281184,0.136826,0.247026,0.126204,0.0837547,-0.145224,-0.0509247,-0.0708091,0.0762211,0.0524804
-0.144786,0.000436825,0.416889,0.0147778,-0.0372661,0.00127148,0.999195,-0.00441682,0.700816,-1.50317,-0.0731492,0.330451,-0.891564,-0.0781484,0.345728,-1.14723,-0.00204052,0.606004,-1.48639,-0.0165753,2.37602,1.44315,0.845942,-0.0108802,-0.0271651,-0.0741982,0.00218428,0.0243105,-0.0644426,0.0177185,-0.00140325,0.0437559,0.167405,0.342261,0.064329,-0.316181,0.298241,0.0640651,-0.31552,0.29682,0.140787,0.194128,0.200111,0.105054,-0.157712,-0.0496188,-0.0797377,0.0953173,0.0680244
-0.146409,0.000460697,0.417147,0.0141267,-0.0370907,0.00123434,0.999211,-0.00354165,0.704165,-1.49632,-0.071874,0.324129,-0.885605,-0.0768716,0.339418,-1.1413,0.000775366,0.609886,-1.48239,-0.0144751,2.37287,1.44215,0.844347,-0.00897385,-0.0258046,-0.0791831,0.00225817,0.0255079,-0.0805028,0.0220956,-0.00170771,0.0452074,0.0906534,0.466844,0.0804151,-0.340309,0.317987,0.0800856,-0.339543,0.316462,0.143858,0.140774,0.269093,0.132015,-0.170093,-0.0457745,-0.0909831,0.11975,0.084834
-0.148134,0.000485896,0.417422,0.0133151,-0.0368718,0.00118878,0.999231,-0.00263745,0.705978,-1.48699,-0.0702771,0.317323,-0.879251,-0.0752744,0.332627,-1.13498,0.00365266,0.612702,-1.477,-0.0118356,2.36947,1.44124,0.842528,-0.00657882,-0.0241079,-0.0852411,0.00233663,0.0269516,-0.0973114,0.0267034,-0.00200901,0.0467803,0.0105955,0.592002,0.0972507,-0.368889,0.341955,0.0968562,-0.368037,0.340344,0.145956,0.0860682,0.335495,0.164993,-0.180543,-0.0374027,-0.104743,0.150008,0.102768
-0.14998,0.000512629,0.417716,0.0123358,-0.0366069,0.0011346,0.999253,-0.0017018,0.70619,-1.47515,-0.0683434,0.309946,-0.872417,-0.0733419,0.325266,-1.12818,0.00657192,0.614424,-1.47029,-0.00853666,2.36586,1.44049,0.840433,-0.00357863,-0.0220526,-0.0924359,0.00241459,0.0286208,-0.114576,0.0314679,-0.00229582,0.0482681,-0.0734547,0.71965,0.114543,-0.402059,0.370358,0.114086,-0.401144,0.368683,0.146864,0.0292027,0.401445,0.204053,-0.186158,-0.0217568,-0.120887,0.186402,0.121479
-0.151972,0.000541079,0.418034,0.011184,-0.0362946,0.0010718,0.999278,-0.000736399,0.704722,-1.46075,-0.0660637,0.301905,-0.865015,-0.0710647,0.317243,-1.12081,0.00950934,0.615008,-1.46226,-0.00445655,2.36213,1.44006,0.838015,0.000149457,-0.019623,-0.100823,0.00248592,0.0304834,-0.131807,0.0362623,-0.00255328,0.049298,-0.161863,0.851097,0.1318,-0.439859,0.403364,0.131287,-0.438913,0.401655,0.146202,-0.0304527,0.468724,0.248882,-0.18283,0.00467671,-0.138785,0.228993,0.140354
-0.154134,0.000571394,0.418376,0.00986028,-0.0359344,0.0010007,0.999305,0.000249601,0.701485,-1.44373,-0.0634386,0.293109,-0.856954,-0.0684435,0.308465,-1.11279,0.0124335,0.614399,-1.45289,0.000520082,2.35848,1.44015,0.83524,0.00472936,-0.0168159,-0.110439,0.00254359,0.0324921,-0.148272,0.0408952,-0.00276354,0.0492965,-0.254563,0.98688,0.148288,-0.482184,0.441059,0.14773,-0.481246,0.439354,0.143395,-0.0932496,0.53863,0.298666,-0.165204,0.0460871,-0.157078,0.277457,0.158445
-0.156489,0.000603671,0.418744,0.00837222,-0.035528,0.000922053,0.999333,0.00123557,0.696394,-1.42399,-0.0604835,0.283466,-0.848138,-0.0654933,0.29884,-1.10401,0.0153016,0.612534,-1.44212,0.00649237,2.35517,1.44107,0.832098,0.0102785,-0.013647,-0.121287,0.00258005,0.0345795,-0.162958,0.0450995,-0.00290684,0.0474522,-0.350934,1.1266,0.162994,-0.528716,0.483395,0.162403,-0.527834,0.481739,0.137648,-0.159141,0.611842,0.351948,-0.126804,0.107086,-0.173411,0.330834,0.174414
-0.159063,0.000637933,0.419139,0.00673767,-0.0350797,0.000837133,0.999361,0.00218464,0.689375,-1.40146,-0.0572338,0.272892,-0.838475,-0.0622495,0.288283,-1.09438,0.0180546,0.609352,-1.42988,0.0135303,2.35263,1.44321,0.82863,0.0168953,-0.0101587,-0.133317,0.00258788,0.0366537,-0.174544,0.048524,-0.00296351,0.0426888,-0.449664,1.26876,0.174595,-0.578835,0.5301,0.17399,-0.578062,0.528547,0.127922,-0.227546,0.688282,0.406429,-0.0604344,0.192201,-0.184173,0.387113,0.186518
-0.16188,0.00067411,0.419558,0.00498761,-0.0345972,0.000747858,0.999389,0.00303845,0.680383,-1.37609,-0.0537518,0.261315,-0.827878,-0.0587738,0.276722,-1.08382,0.0206132,0.604801,-1.41611,0.0216578,2.35142,1.44706,0.824947,0.0246376,-0.00642837,-0.146394,0.00256072,0.0385935,-0.181404,0.0507322,-0.00291669,0.0336661,-0.5486,1.41058,0.18146,-0.631503,0.580575,0.180862,-0.630896,0.579179,0.112938,-0.297201,0.766972,0.458719,0.0410341,0.304992,-0.184378,0.442572,0.192667
-0.164959,0.000712006,0.419998,0.00316933,-0.0340925,0.000656856,0.999413,0.0037118,0.669411,-1.34788,-0.0501319,0.248685,-0.816271,-0.0551604,0.264104,-1.07224,0.0228721,0.598857,-1.40078,0.0308312,2.35224,1.45316,0.821259,0.0334891,-0.00257503,-0.160256,0.00249436,0.040246,-0.181645,0.0512133,-0.00275554,0.018847,-0.64459,1.54784,0.181698,-0.68513,0.633741,0.181132,-0.684744,0.632555,0.091217,-0.366019,0.845897,0.504027,0.183382,0.446611,-0.167889,0.490897,0.190604
-0.168315,0.00075127,0.420453,0.00134898,-0.0335829,0.000567488,0.999435,0.00408876,0.65652,-1.31692,-0.0465066,0.234983,-0.803601,-0.0515412,0.250409,-1.0596,0.0246965,0.591537,-1.38386,0.0409108,2.35591,1.46209,0.817902,0.0433071,0.00123707,-0.174473,0.00238792,0.0414278,-0.173228,0.0494113,-0.002478,-0.00331444,-0.733318,1.67462,0.17327,-0.737428,0.687862,0.172759,-0.737306,0.686929,0.0611785,-0.430953,0.921869,0.535788,0.369157,0.613581,-0.12829,0.522175,0.178251
-0.171957,0.000791365,0.420912,-0.000386863,-0.0330912,0.000483813,0.999452,0.00402248,0.641854,-1.28343,-0.0430494,0.220234,-0.789849,-0.0480892,0.235663,-1.04586,0.0259202,0.582918,-1.36542,0.0516257,2.36329,1.47436,0.815336,0.0537506,0.00480211,-0.188379,0.00224458,0.0419326,-0.154183,0.044782,-0.00209202,-0.033976,-0.809158,1.78314,0.154205,-0.78525,0.740337,0.153773,-0.785421,0.739685,0.0213321,-0.487914,0.990393,0.545222,0.595109,0.794613,-0.0607743,0.522089,0.154196
-0.175875,0.00083155,0.421364,-0.00193195,-0.0326456,0.000410461,0.999465,0.00334297,0.625671,-1.24776,-0.0399727,0.204529,-0.775047,-0.0450166,0.219955,-1.03108,0.0263469,0.57316,-1.34561,0.0625294,2.3752,1.49025,0.81412,0.0641925,0.00788605,-0.201015,0.00207145,0.0415481,-0.122986,0.0368927,-0.00161422,-0.0731951,-0.865081,1.86348,0.122984,-0.824461,0.787461,0.122648,-0.824931,0.787095,-0.0293807,-0.531769,1.04555,0.520807,0.848802,0.966468,0.0347969,0.471978,0.11825
-0.180045,0.000870876,0.421791,-0.00316482,-0.0322787,0.000352395,0.999474,0.00187906,0.60837,-1.21049,-0.0375198,0.18804,-0.759302,-0.0425659,0.203456,-1.01534,0.0257594,0.562525,-1.3247,0.0729449,2.39217,1.50958,0.814816,0.0736322,0.0102511,-0.211045,0.00187805,0.0400799,-0.0792102,0.0255933,-0.00106608,-0.118812,-0.892682,1.90338,0.0791784,-0.849807,0.824131,0.0789539,-0.85056,0.824037,-0.0910043,-0.556487,1.07986,0.447552,1.10411,1.08958,0.150005,0.350792,0.0719068
-0.184412,0.000908224,0.422174,-0.00395971,-0.0320246,0.000314501,0.999479,-0.000497193,0.590517,-1.17242,-0.0359422,0.171043,-0.742824,-0.0409887,0.186445,-0.998865,0.0239394,0.551396,-1.3031,0.0818956,2.41425,1.53137,0.817817,0.0806482,0.0116892,-0.216646,0.00167316,0.0373802,-0.0245853,0.0112957,-0.00047045,-0.16499,-0.88249,1.88802,0.0245221,-0.85479,0.843435,0.0244195,-0.855795,0.843584,-0.161568,-0.555552,1.08422,0.305917,1.31495,1.10542,0.264744,0.140255,0.0185104
-0.188887,0.000942387,0.422494,-0.00420816,-0.0319132,0.00030086,0.999482,-0.00379703,0.572867,-1.13466,-0.035457,0.153947,-0.725959,-0.0405016,0.169329,-0.981999,0.020708,0.540285,-1.28142,0.0880139,2.44055,1.55348,0.823112,0.0834534,0.0120594,-0.215344,0.00146096,0.0333714,0.0353656,-0.00459757,0.000143417,-0.200918,-0.824879,1.79987,-0.0354607,-0.831431,0.835991,-0.0354363,-0.832641,0.836344,-0.235343,-0.522887,1.04772,0.0702908,1.40639,0.939631,0.348212,-0.165682,-0.0369229
-0.19333,0.000972215,0.422731,-0.00385693,-0.0319605,0.000313431,0.999482,-0.00781546,0.55637,-1.09867,-0.0361706,0.137318,-0.709244,-0.0412111,0.152676,-0.965277,0.0160012,0.529827,-1.26046,0.0894199,2.46868,1.57228,0.830076,0.0801399,0.011321,-0.203723,0.00123831,0.0280512,0.0892072,-0.0191423,0.00071243,-0.211054,-0.712313,1.61827,-0.0893311,-0.769726,0.788852,-0.0891876,-0.771067,0.789348,-0.299808,-0.454812,0.957483,-0.29259,1.26202,0.517159,0.369206,-0.54731,-0.0880377
-0.197534,0.000996823,0.422872,-0.00296704,-0.0321531,0.000349766,0.999478,-0.0120366,0.542125,-1.0663,-0.037961,0.121923,-0.693471,-0.042995,0.137254,-0.949495,0.0100051,0.520731,-1.24131,0.0835688,2.49392,1.58262,0.837461,0.0691937,0.00956019,-0.17701,0.000995932,0.0214578,0.117886,-0.0274154,0.00108056,-0.179556,-0.544616,1.318,-0.118025,-0.65645,0.683864,-0.117805,-0.657764,0.684367,-0.330573,-0.354182,0.797824,-0.823734,0.707886,-0.203502,0.32086,-0.944899,-0.127372
-0.201197,0.00101581,0.422909,-0.00178992,-0.0324284,0.000399573,0.999472,-0.0156279,0.531233,-1.03994,-0.0403244,0.108793,-0.679797,-0.0453505,0.124097,-0.935812,0.00339359,0.513648,-1.22536,0.0670952,2.50807,1.57855,0.843878,0.0502956,0.00701272,-0.128545,0.000701583,0.0136366,0.0967365,-0.0230028,0.000952998,-0.102476,-0.341493,0.864104,-0.0968509,-0.472614,0.495612,-0.0966567,-0.473616,0.495904,-0.283281,-0.239071,0.54766,-1.56648,-0.503747,-1.17436,0.259281,-1.25267,-0.146997
-0.203881,0.00102895,0.422846,-0.000823431,-0.0326597,0.00044148,0.999466,-0.0176775,0.524404,-1.02266,-0.0422636,0.0993404,-0.669888,-0.0472822,0.114623,-0.925898,-0.00227206,0.508867,-1.2144,0.0357672,2.498,1.55506,0.849063,0.025242,0.00407275,-0.0501872,-0.000777222,0.0116992,0.0382906,-0.00731313,0.000364644,-0.0384733,-0.191344,0.197536,-0.038363,-0.187959,0.194756,-0.0375372,-0.19078,0.200785,-0.0371709,-0.177321,0.176192,-2.51461,-2.61009,-2.26358,0.326048,-1.33871,-0.141682
-0.204999,0.00101352,0.422848,-0.000440823,-0.0327342,0.000458441,0.999464,-0.0184468,0.520578,-1.01871,-0.0430326,0.0955805,-0.665996,-0.0480318,0.110806,-0.921886,-0.00301577,0.505321,-1.21088,-0.0145234,2.4458,1.50979,0.855584,-0.00153259,0.00123907,-0.0137755,-0.000146486,0.00307727,0.00993191,-0.0017371,7.33461e-05,-0.00999687,-0.0520036,0.0533877,-0.00998963,-0.0514146,0.0529733,-0.0097235,-0.0522488,0.0546724,-0.00967416,-0.0485953,0.0480211,-1.61404,-2.11121,-1.90069,0.0122882,-1.21273,-0.110489
-0.205379,0.00101086,0.422728,-0.000341441,-0.0327529,0.000463121,0.999463,-0.0186461,0.519538,-1.01764,-0.0432336,0.0945519,-0.664939,-0.0482253,0.10976,-0.920796,-0.00320983,0.504349,-1.20992,-0.0468028,2.40358,1.47178,0.855829,-0.0257876,-0.000970744,-0.00935563,-0.00010763,0.00174359,0.00697442,-0.00139056,5.47014e-05,-0.00701718,-0.0343126,0.0354112,-0.00699174,-0.0344228,0.0357025,-0.00684776,-0.0348688,0.0365631,-0.00679237,-0.0318209,0.0314643,-0.846591,-1.51918,-1.54381,-0.213579,-0.865511,-0.0582955
-0.205669,0.0010086,0.422587,-0.000271489,-0.032768,0.000466486,0.999463,-0.0187855,0.518852,-1.01693,-0.0433742,0.0938635,-0.664226,-0.0483616,0.109063,-0.920066,-0.00334656,0.503712,-1.20929,-0.0637336,2.3732,1.4409,0.851557,-0.0430979,-0.00213667,-0.00994254,-4.41405e-05,0.00188948,0.00683802,-0.00142876,5.03822e-05,-0.00690445,-0.0364194,0.0375265,-0.00687716,-0.0367609,0.0380853,-0.00673485,-0.0372047,0.0389808,-0.00667779,-0.0339723,0.0335779,-0.198372,-1.31119,-1.1539,-0.301598,-0.429698,0.00832876
-0.205971,0.00100707,0.422449,-0.000202783,-0.0327831,0.000469577,0.999462,-0.0189224,0.518124,-1.01618,-0.0435121,0.0931289,-0.663466,-0.0484959,0.108319,-0.919288,-0.00348129,0.503032,-1.20863,-0.0677003,2.34697,1.41782,0.845525,-0.0516919,-0.00197011,-0.017625,0.000133462,0.00414775,0.00875509,-0.00237318,6.32112e-05,-0.00893169,-0.0661536,0.0680471,-0.00895524,-0.0650565,0.0671291,-0.00862002,-0.0660666,0.0692974,-0.00856579,-0.0626943,0.062295,0.353063,-1.43363,-0.670468,-0.248155,-0.0282457,0.0811683
-0.20643,0.00100824,0.422345,-0.000114799,-0.0328071,0.000473237,0.999462,-0.0190994,0.516801,-1.01483,-0.043691,0.0918288,-0.662123,-0.0486682,0.106999,-0.917902,-0.00365406,0.501777,-1.20738,-0.0606387,2.3183,1.40441,0.840562,-0.0522567,-0.000346732,-0.0792283,0.000433935,0.0428924,-0.197629,-0.0563819,0.000625898,0.197689,-0.291463,0.347651,0.0225151,0.900052,-1.3931,0.349707,0.774608,-0.948847,0.197538,-0.287125,0.342774,0.594655,-0.566753,-0.085511,-0.212601,0.27023,0.147587
-0.208169,0.00101583,0.422939,-0.00208926,-0.033372,0.000414791,0.999441,-0.0151436,0.510972,-1.00788,-0.0432405,0.109831,-0.689986,-0.0416739,0.122492,-0.936879,0.000295168,0.496033,-1.20053,-0.0487454,2.30697,1.4027,0.836309,-0.0468519,0.00260504,-0.0853723,0.000166461,0.0446802,-0.223374,-0.0639295,0.000475551,0.22346,-0.308272,0.371933,0.173961,1.51253,-2.48453,0.301179,1.27787,-1.71669,0.223347,-0.303603,0.366327,0.556988,0.2378,0.0632596,-0.0946348,0.437206,0.19019
-0.210033,0.0010216,0.423564,-0.00432074,-0.0340123,0.000346373,0.999412,-0.010672,0.504807,-1.00044,-0.0397611,0.140082,-0.739676,-0.0356503,0.14805,-0.971213,0.00476052,0.48996,-1.19321,-0.0376055,2.31173,1.40397,0.834417,-0.0381076,0.00640887,-0.0847642,-1.72453e-05,0.0436913,-0.219014,-0.0626198,0.00018498,0.219127,-0.305441,0.367781,0.241285,1.88267,-3.241,0.258168,1.56075,-2.25809,0.218952,-0.301127,0.362545,0.50392,0.646309,0.207295,0.072417,0.490554,0.206995
-0.211885,0.00102732,0.424174,-0.00650834,-0.0346396,0.00027647,0.999379,-0.00628665,0.498698,-0.993087,-0.0349353,0.177737,-0.804496,-0.0304869,0.179266,-1.01637,0.00913797,0.483936,-1.18596,-0.0275271,2.32465,1.40811,0.835865,-0.0282965,0.0105488,-0.0804415,-0.000180729,0.0407635,-0.196781,-0.0564439,-8.11991e-05,0.196915,-0.291317,0.347475,0.261562,2.08653,-3.70541,0.218205,1.70675,-2.59326,0.196697,-0.287468,0.342729,0.443929,0.796275,0.306949,0.21106,0.469401,0.202814
-0.213647,0.00103255,0.424735,-0.00847347,-0.0352049,0.000211216,0.999344,-0.00234517,0.492873,-0.986141,-0.0297039,0.219468,-0.878605,-0.0261227,0.213402,-1.06824,0.0130703,0.478186,-1.17911,-0.0186485,2.34058,1.41425,0.840086,-0.0189084,0.0146051,-0.0745912,-0.000299675,0.0371335,-0.168488,-0.04864,-0.000261722,0.168632,-0.272398,0.320749,0.258768,2.17054,-3.92798,0.180117,1.76226,-2.75347,0.168394,-0.268982,0.316462,0.379201,0.793746,0.345775,0.28929,0.408742,0.184559
-0.215288,0.00103712,0.425234,-0.0101556,-0.0356922,0.000153479,0.999311,0.00103105,0.487425,-0.97973,-0.0245284,0.26288,-0.957164,-0.0225203,0.248648,-1.12331,0.0164366,0.472805,-1.17279,-0.0110646,2.35645,1.42117,0.845872,-0.0107335,0.0182963,-0.0684839,-0.000375216,0.0334933,-0.140491,-0.0409346,-0.000358143,0.140639,-0.252541,0.293184,0.246697,2.16785,-3.9579,0.144978,1.75622,-2.77258,0.140399,-0.249486,0.289284,0.312883,0.709346,0.331109,0.308358,0.333419,0.158897
-0.216803,0.00104106,0.425673,-0.0115577,-0.0361024,0.000104019,0.999281,0.0038478,0.482375,-0.97387,-0.0195944,0.306238,-1.03632,-0.0196207,0.283773,-1.17876,0.019243,0.467814,-1.16701,-0.00480695,2.37064,1.42779,0.852039,-0.00406515,0.0214742,-0.0627502,-0.000418039,0.0301618,-0.115269,-0.0339981,-0.000392513,0.115417,-0.233792,0.267497,0.232538,2.10417,-3.84004,0.113734,1.70856,-2.68309,0.115185,-0.231024,0.263908,0.248619,0.587447,0.28096,0.284953,0.258401,0.131043
-0.218198,0.00104441,0.426057,-0.0127076,-0.0364432,6.2557e-05,0.999255,0.00616049,0.4777,-0.968524,-0.0149435,0.348322,-1.11312,-0.017346,0.317945,-1.23242,0.0215452,0.463192,-1.16174,0.000165362,2.38239,1.43341,0.857738,0.00110285,0.0240951,-0.0576576,-0.000439345,0.0272557,-0.0932943,-0.0279581,-0.000386309,0.09344,-0.217132,0.244795,0.219483,1.9998,-3.61386,0.0866776,1.6337,-2.51426,0.093223,-0.21459,0.241455,0.189486,0.455144,0.213999,0.238375,0.191254,0.104381
-0.219488,0.00104726,0.426394,-0.0136377,-0.0367235,2.84425e-05,0.999232,0.00803402,0.473358,-0.963633,-0.0105537,0.388318,-1.1854,-0.0156124,0.35062,-1.28271,0.0234082,0.458899,-1.15692,0.00395503,2.39149,1.43769,0.862506,0.00492792,0.0261827,-0.0532882,-0.000447899,0.0247937,-0.0742635,-0.0227321,-0.000355085,0.0744069,-0.20295,0.225386,0.208523,1.87052,-3.31313,0.0636288,1.5422,-2.29144,0.0742069,-0.200582,0.222242,0.137486,0.32854,0.144637,0.184153,0.13482,0.0806391
-0.220687,0.00104968,0.426691,-0.0143774,-0.0369517,9.66622e-07,0.999214,0.00952727,0.469299,-0.95913,-0.00638315,0.425729,-1.25166,-0.0143399,0.381464,-1.32854,0.0248909,0.454886,-1.15248,0.00670472,2.39806,1.44058,0.866189,0.00762431,0.0277955,-0.0496359,-0.000449741,0.0227518,-0.0577042,-0.0181913,-0.000309186,0.0578458,-0.191304,0.209198,0.199585,1.72822,-2.96607,0.0441793,1.44172,-2.03593,0.0576634,-0.189071,0.206208,0.0935138,0.216611,0.0818589,0.132307,0.0893026,0.0603458
-0.22181,0.0010517,0.426955,-0.0149516,-0.0371344,-2.05295e-05,0.999198,0.0106897,0.465474,-0.95495,-0.00239136,0.460294,-1.31098,-0.0134563,0.410299,-1.36925,0.0260428,0.451103,-1.14836,0.00857498,2.40239,1.44222,0.868835,0.00941035,0.0290024,-0.0466549,-0.000448719,0.0210894,-0.0431917,-0.0142193,-0.000255465,0.0433324,-0.182077,0.195998,0.19218,1.58145,-2.59563,0.0278508,1.33768,-1.76499,0.0431672,-0.179946,0.193129,0.0575749,0.123535,0.0300105,0.0879994,0.053653,0.043314
-0.22287,0.0010534,0.427193,-0.0153805,-0.0372775,-3.66352e-05,0.999187,0.0115621,0.461833,-0.951035,0.00145233,0.491924,-1.3629,-0.0128993,0.437054,-1.40455,0.0269049,0.447503,-1.14451,0.00972648,2.40487,1.44282,0.870595,0.0104834,0.0298687,-0.0442847,-0.000447104,0.0197617,-0.0303793,-0.0107208,-0.000198496,0.0305201,-0.175075,0.185496,0.185749,1.43606,-2.21986,0.0141638,1.2338,-1.4922,0.0303709,-0.17302,0.182722,0.029066,0.0502121,-0.00979943,0.0529849,0.026361,0.0290275
-0.223882,0.00105479,0.427411,-0.0156813,-0.0373856,-4.78733e-05,0.999178,0.0121787,0.458333,-0.94733,0.00516738,0.520645,-1.40729,-0.012616,0.46173,-1.4344,0.0275111,0.444041,-1.14086,0.0103079,2.40587,1.44262,0.871655,0.0110106,0.0304492,-0.042463,-0.000446111,0.0187264,-0.018967,-0.00761302,-0.000141227,0.019109,-0.17009,0.177403,0.179807,1.29572,-1.85238,0.00266174,1.13249,-1.22772,0.0189744,-0.168091,0.174701,0.00702354,-0.00462518,-0.0383817,0.0269949,0.00585609,0.0168839
-0.224855,0.00105592,0.427613,-0.0158679,-0.0374626,-5.46992e-05,0.999172,0.0125674,0.454932,-0.943787,0.0087636,0.54656,-1.44434,-0.0125628,0.48438,-1.45895,0.0278896,0.440678,-1.13737,0.0104484,2.40578,1.44185,0.872195,0.0111277,0.0307869,-0.0411345,-0.000446277,0.0179467,-0.00866818,-0.00481745,-8.53544e-05,0.0088121,-0.166945,0.171463,0.174002,1.16248,-1.50285,-0.00708205,1.03525,-0.978725,0.00869088,-0.164985,0.168814,-0.00968595,-0.0435331,-0.0574874,0.00875876,-0.00932527,0.00631398
-0.2258,0.00105682,0.427804,-0.0159514,-0.0375117,-5.74917e-05,0.999169,0.0127504,0.451594,-0.940362,0.0122437,0.56981,-1.4744,-0.0127044,0.505086,-1.47853,0.0280624,0.437377,-1.134,0.0102548,2.40491,1.44071,0.87237,0.0109412,0.0309132,-0.0402561,-0.000447738,0.0173932,0.000808412,-0.00225493,-3.16286e-05,-0.000661948,-0.165518,0.167474,0.168112,1.03721,-1.17751,-0.0154589,0.942885,-0.749797,-0.000771161,-0.163584,0.164864,-0.0222369,-0.0696755,-0.0691761,-0.00335465,-0.0204908,-0.00317904
-0.226727,0.00105752,0.427987,-0.0159402,-0.0375352,-5.65421e-05,0.999168,0.0127442,0.448284,-0.937018,0.015606,0.590555,-1.49795,-0.0130137,0.523944,-1.49352,0.0280462,0.434104,-1.13071,0.00981025,2.40351,1.43932,0.872303,0.0105314,0.0308496,-0.0397994,-0.00045039,0.0170453,0.00976059,0.000154795,1.98488e-05,-0.00961121,-0.165757,0.165304,0.162023,0.919948,-0.879643,-0.0228199,0.855767,-0.543371,-0.0097095,-0.163835,0.162719,-0.0317662,-0.0863196,-0.0754516,-0.0109843,-0.0287944,-0.01202
-0.227644,0.00105806,0.428165,-0.0158393,-0.0375346,-5.20449e-05,0.99917,0.0125593,0.44497,-0.933717,0.0188466,0.608954,-1.51554,-0.0134701,0.54106,-1.50439,0.0278513,0.430826,-1.12747,0.00917515,2.40179,1.43781,0.872083,0.00995547,0.0306092,-0.0397517,-0.000453976,0.0168901,0.0184841,0.00249086,6.93111e-05,-0.0183316,-0.167675,0.164887,0.1557,0.810196,-0.61015,-0.0294692,0.77392,-0.360114,-0.0184198,-0.165754,0.162313,-0.0393312,-0.0964976,-0.0780719,-0.0156103,-0.0352547,-0.0205747
-0.228559,0.00105846,0.428342,-0.0156512,-0.0375107,-4.40948e-05,0.999174,0.0122002,0.441618,-0.930424,0.0219606,0.625158,-1.52774,-0.0140595,0.556539,-1.51159,0.0274823,0.427509,-1.12423,0.00838878,2.39986,1.43625,0.871771,0.00925036,0.0301977,-0.040115,-0.000458116,0.0169222,0.027258,0.00482757,0.000117019,-0.0271025,-0.171343,0.166219,0.149167,0.707076,-0.368004,-0.0356587,0.69712,-0.199311,-0.0271813,-0.169411,0.163644,-0.0458948,-0.102806,-0.0784602,-0.018494,-0.0407776,-0.0291597
-0.229481,0.00105876,0.42852,-0.0153753,-0.0374634,-3.26915e-05,0.99918,0.0116658,0.438192,-0.927105,0.0249441,0.6393,-1.5351,-0.0147727,0.570481,-1.51558,0.0269381,0.42412,-1.12096,0.00747119,2.3978,1.43468,0.871401,0.0084348,0.0296145,-0.040904,-0.000462289,0.0171414,0.0363275,0.00722984,0.000162973,-0.0361691,-0.176877,0.169353,0.142484,0.609472,-0.150727,-0.0415806,0.62495,-0.0592035,-0.0362391,-0.174923,0.166765,-0.0523246,-0.107308,-0.0776667,-0.020673,-0.0461766,-0.0380434
-0.230418,0.001059,0.428703,-0.0150088,-0.0373921,-1.77534e-05,0.999188,0.0109503,0.434656,-0.923723,0.0277938,0.65149,-1.53812,-0.0156044,0.582981,-1.51676,0.026213,0.42062,-1.11763,0.00642504,2.39565,1.43313,0.870988,0.00751125,0.0288536,-0.0421429,-0.000465792,0.0175517,0.0458839,0.00974819,0.000206661,-0.0457228,-0.18442,0.17438,0.135743,0.516099,0.0451925,-0.0473593,0.556835,0.0627006,-0.0457847,-0.182433,0.171765,-0.0594022,-0.111494,-0.0763524,-0.022981,-0.0521921,-0.0474376
-0.231381,0.00105923,0.428893,-0.0145466,-0.0372956,8.59389e-07,0.999198,0.0100438,0.430968,-0.92024,0.0305088,0.661812,-1.53721,-0.0165516,0.594118,-1.51551,0.025297,0.41697,-1.11421,0.00523738,2.39342,1.4316,0.870528,0.00646739,0.0279049,-0.0438631,-0.000467691,0.018159,0.0560438,0.0124132,0.000246858,-0.0558802,-0.19412,0.181418,0.129067,0.425572,0.223912,-0.053042,0.492067,0.169363,-0.0559349,-0.192091,0.178765,-0.0678342,-0.116272,-0.074776,-0.0260722,-0.0595089,-0.0574824
-0.232378,0.00105947,0.429092,-0.0139829,-0.0371724,2.33133e-05,0.999211,0.00893431,0.427087,-0.916617,0.0330902,0.670324,-1.53274,-0.0176125,0.603959,-1.51212,0.0241781,0.413127,-1.11064,0.00388112,2.3911,1.43011,0.870007,0.0052772,0.0267552,-0.0460994,-0.000466776,0.0189694,0.0668256,0.0152295,0.000281494,-0.0666595,-0.206115,0.190599,0.122622,0.336458,0.38989,-0.0585868,0.429848,0.26398,-0.0667084,-0.204033,0.187898,-0.0782623,-0.121958,-0.0727775,-0.0304388,-0.0687708,-0.0682255
-0.233421,0.00105978,0.429306,-0.0133115,-0.0370211,4.97597e-05,0.999226,0.00760924,0.422966,-0.912809,0.0355427,0.677054,-1.52494,-0.0187843,0.612557,-1.50684,0.0228438,0.409045,-1.10689,0.00231634,2.38866,1.42865,0.869398,0.00390176,0.0253907,-0.0488876,-0.000461537,0.0199876,0.0781252,0.0181693,0.000307664,-0.0779565,-0.220509,0.202057,0.116627,0.247335,0.547576,-0.0638502,0.369325,0.349778,-0.0780017,-0.218368,0.1993,-0.0912661,-0.128242,-0.0697548,-0.0364106,-0.080591,-0.0795991
-0.23452,0.00106021,0.429536,-0.0125271,-0.0368404,8.02858e-05,0.999243,0.00605824,0.418557,-0.908773,0.0378753,0.682001,-1.51399,-0.0200614,0.619944,-1.49984,0.0212837,0.404676,-1.10291,0.000491511,2.38609,1.42726,0.86867,0.00228993,0.0237987,-0.0522622,-0.000450177,0.0212155,0.0896933,0.0211665,0.000321805,-0.0895213,-0.237362,0.215916,0.11138,0.156874,0.70113,-0.0685753,0.309648,0.429842,-0.0895659,-0.235156,0.213096,-0.107354,-0.134143,-0.0646399,-0.0441285,-0.0955496,-0.0913978
-0.235688,0.0010608,0.429785,-0.0116271,-0.0366298,0.000114859,0.999261,0.00427589,0.413811,-0.90446,0.040103,0.685139,-1.49996,-0.021433,0.626137,-1.49125,0.0194924,0.399972,-1.09866,-0.00165504,2.38341,1.42596,0.867787,0.000378914,0.0219708,-0.0562533,-0.00043068,0.0226508,0.101116,0.0241115,0.000320135,-0.10094,-0.256665,0.232279,0.107269,0.0639245,0.854163,-0.0723841,0.250033,0.506951,-0.100988,-0.254394,0.229393,-0.126934,-0.137939,-0.0558838,-0.0534869,-0.114172,-0.103257
-0.236937,0.00106158,0.430058,-0.0106131,-0.0363896,0.000153268,0.999281,0.00226509,0.408678,-0.899819,0.0422485,0.686417,-1.48288,-0.0228807,0.631138,-1.48111,0.0174727,0.394883,-1.09407,-0.00419317,2.38065,1.42485,0.866717,-0.00190455,0.0199056,-0.0608843,-0.000400947,0.0242852,0.111805,0.0268486,0.000299378,-0.111623,-0.278336,0.251217,0.104785,-0.0323657,1.0095,-0.0747768,0.189832,0.583438,-0.111679,-0.276,0.248266,-0.15026,-0.13711,-0.0414702,-0.0640399,-0.136874,-0.11464
-0.23828,0.00106261,0.430356,-0.00949227,-0.036122,0.000195073,0.999302,4.04794e-05,0.403112,-0.894799,0.0443443,0.68577,-1.46269,-0.0243763,0.634935,-1.46944,0.0152391,0.389362,-1.08912,-0.00719781,2.37791,1.42402,0.865437,-0.00464205,0.0176128,-0.0661676,-0.00035902,0.0261031,0.121003,0.0291775,0.000257759,-0.120815,-0.302196,0.272753,0.104526,-0.132428,1.16892,-0.0751433,0.128617,0.661054,-0.120885,-0.299799,0.269739,-0.177336,-0.128316,-0.0189798,-0.0748738,-0.163849,-0.124829
-0.239731,0.00106392,0.430683,-0.00827961,-0.0358312,0.000239556,0.999324,-0.00236816,0.39707,-0.889348,0.0464349,0.683122,-1.43931,-0.0258792,0.637507,-1.45622,0.0128215,0.383365,-1.08373,-0.0107439,2.37534,1.42364,0.863939,-0.00791905,0.0151163,-0.0720994,-0.000303407,0.0280794,0.127815,0.0308608,0.000196141,-0.127619,-0.32796,0.29684,0.107186,-0.236126,1.33298,-0.0727909,0.0662597,0.740831,-0.127708,-0.325507,0.293766,-0.207775,-0.107479,0.0142579,-0.0844559,-0.194882,-0.132933
-0.241301,0.00106552,0.431041,-0.00699897,-0.0355234,0.000285708,0.999344,-0.00491312,0.390511,-0.883416,0.0485787,0.6784,-1.41265,-0.0273351,0.638833,-1.4414,0.0102674,0.376854,-1.07786,-0.0148989,2.37319,1.42392,0.86225,-0.0118167,0.0124576,-0.0786508,-0.000233484,0.0301764,0.131252,0.0316374,0.00011904,-0.131048,-0.355217,0.323325,0.113529,-0.3426,1.50071,-0.0669886,0.00302509,0.822956,-0.13116,-0.352712,0.320195,-0.240615,-0.0700155,0.0608831,-0.0904889,-0.229055,-0.137917
-0.243005,0.00106745,0.431431,-0.0056841,-0.0352078,0.000332226,0.999364,-0.00752696,0.383408,-0.876954,0.0508495,0.671548,-1.38264,-0.0286749,0.638894,-1.42494,0.00764417,0.369798,-1.07146,-0.0197106,2.37179,1.42514,0.86044,-0.0163978,0.00969924,-0.0857549,-0.000149977,0.0323401,0.130312,0.0312427,3.51354e-05,-0.130101,-0.383394,0.351902,0.12435,-0.450095,1.66941,-0.057029,-0.0603337,0.906633,-0.130239,-0.38084,0.348717,-0.274081,-0.0112956,0.12303,-0.0898294,-0.264331,-0.138652
-0.244853,0.00106971,0.431854,-0.00437876,-0.0348961,0.000377556,0.999381,-0.0101222,0.375741,-0.86992,0.0533366,0.662547,-1.34925,-0.0298156,0.637687,-1.40681,0.00503936,0.362181,-1.06449,-0.0251916,2.37156,1.4276,0.858644,-0.0216845,0.0069262,-0.0932886,-5.54548e-05,0.0344954,0.124065,0.0294319,-4.31081e-05,-0.123848,-0.41171,0.382034,0.140411,-0.555792,1.83439,-0.0423037,-0.122474,0.989947,-0.124011,-0.409104,0.37879,-0.30533,0.0726072,0.201572,-0.0785764,-0.297009,-0.13401
-0.246853,0.00107229,0.432308,-0.00313603,-0.0346025,0.000419948,0.999396,-0.0125927,0.367507,-0.862283,0.056145,0.651431,-1.31256,-0.0306617,0.635238,-1.38701,0.00255902,0.353998,-1.05692,-0.0312977,2.37302,1.43163,0.857072,-0.0276247,0.00424598,-0.101047,4.52593e-05,0.0365408,0.11174,0.0260053,-0.000100993,-0.111521,-0.439101,0.412858,0.162349,-0.655627,1.98868,-0.0223883,-0.181361,1.06973,-0.111706,-0.436438,0.409549,-0.330206,0.183832,0.294975,-0.0524892,-0.321142,-0.123015
-0.24901,0.00107519,0.432792,-0.00201666,-0.0343432,0.000457533,0.999408,-0.0148172,0.358726,-0.85403,0.0593921,0.638319,-1.27279,-0.0311095,0.631611,-1.36562,0.000324698,0.345268,-1.04874,-0.0379013,2.37669,1.43753,0.856023,-0.0340476,0.00178567,-0.108712,0.000144887,0.0383422,0.092826,0.0208346,-0.000124345,-0.0926108,-0.464126,0.443059,0.190513,-0.744129,2.12281,0.00285462,-0.234177,1.14138,-0.0928103,-0.461399,0.439677,-0.343019,0.321274,0.397655,-0.00793223,-0.328057,-0.10504
-0.251322,0.00107837,0.4333,-0.00108653,-0.0341356,0.000488408,0.999416,-0.0166639,0.349444,-0.845173,0.0632026,0.623437,-1.23033,-0.0310525,0.626928,-1.34279,-0.00153181,0.336039,-1.03995,-0.0447612,2.38312,1.44548,0.855864,-0.0406088,-0.000315146,-0.115813,0.000233927,0.0397288,0.0671957,0.0138973,-0.000103294,-0.0669919,-0.484847,0.470723,0.224676,-0.814304,2.22449,0.0331332,-0.277278,1.19877,-0.0671946,-0.482051,0.467263,-0.336352,0.478716,0.497811,0.0565021,-0.306356,-0.0800567
-0.253777,0.00108178,0.433824,-0.000412814,-0.0339975,0.000510717,0.999422,-0.0179988,0.339747,-0.835762,0.0676963,0.607151,-1.18584,-0.0303899,0.621383,-1.31881,-0.00287613,0.326397,-1.03061,-0.0514879,2.39269,1.45544,0.856994,-0.046736,-0.00191629,-0.12168,0.000301562,0.0404894,0.0353502,0.00534315,-3.67428e-05,-0.0351662,-0.498722,0.493159,0.263488,-0.8576,2.27831,0.0674856,-0.30627,1.23395,-0.0353595,-0.495866,0.489627,-0.300787,0.642408,0.574981,0.137772,-0.242945,-0.0488696
-0.256349,0.00108534,0.434353,-5.76371e-05,-0.0339451,0.00052278,0.999424,-0.0186976,0.329773,-0.825902,0.0729663,0.59,-1.14027,-0.0290402,0.615258,-1.29413,-0.00358389,0.316479,-1.02082,-0.0575034,2.40554,1.46694,0.85975,-0.051595,-0.00289369,-0.125383,0.000337495,0.0403672,-0.00107071,-0.00436962,6.30367e-05,0.00122687,-0.502506,0.506663,0.303526,-0.864094,2.26542,0.103849,-0.316341,1.23701,0.00105469,-0.499619,0.50309,-0.224356,0.787778,0.598151,0.226192,-0.125858,-0.0132737
-0.258994,0.00108896,0.434872,-6.67512e-05,-0.03399,0.000523342,0.999422,-0.0186692,0.319723,-0.815772,0.079037,0.572718,-1.09496,-0.0269632,0.608931,-1.26939,-0.00356352,0.306486,-1.01077,-0.0619904,2.42129,1.4789,0.864274,-0.0541122,-0.00315916,-0.125641,0.00033485,0.039048,-0.0383285,-0.0142182,0.000167434,0.0384508,-0.49215,0.506163,0.337782,-0.823159,2.1631,0.138314,-0.303136,1.19555,0.0383079,-0.489296,0.502613,-0.0914734,0.874682,0.526192,0.304809,0.0504254,0.0239364
-0.261642,0.00109246,0.435361,-0.000448535,-0.0341335,0.00051213,0.999417,-0.0178968,0.30988,-0.805652,0.0857929,0.556256,-1.0517,-0.024197,0.602869,-1.24548,-0.00279824,0.296699,-1.00072,-0.06382,2.43879,1.48943,0.87037,-0.0531038,-0.00268043,-0.120664,0.000293905,0.0361304,-0.0691271,-0.0222259,0.000234677,0.0692131,-0.462587,0.484617,0.353471,-0.725231,1.94393,0.163962,-0.264757,1.09399,0.0691021,-0.459879,0.481206,0.118698,0.840469,0.313475,0.352928,0.27706,0.0590847
-0.264187,0.00109561,0.435794,-0.00113844,-0.0343573,0.000490931,0.999409,-0.0165098,0.300629,-0.795963,0.0928627,0.541751,-1.01282,-0.0209178,0.597574,-1.2236,-0.00141725,0.287501,-0.991098,-0.0614463,2.4556,1.4957,0.877429,-0.0475626,-0.00149873,-0.107914,0.000225259,0.0310636,-0.081211,-0.0250864,0.000226342,0.081262,-0.407129,0.43203,0.329001,-0.566326,1.57401,0.169311,-0.206233,0.911709,0.081183,-0.404733,0.428928,0.433744,0.590783,-0.0760641,0.356749,0.521951,0.0877536
-0.26647,0.00109805,0.436138,-0.00194944,-0.0346098,0.000465332,0.999399,-0.0148824,0.292486,-0.787326,0.099443,0.530425,-0.981343,-0.0175316,0.59345,-1.20537,0.00020518,0.279405,-0.982523,-0.052772,2.46741,1.49418,0.884564,-0.0371235,0.000256355,-0.0837397,0.000146154,0.0231006,-0.0585544,-0.0184201,0.000137762,0.0585768,-0.315822,0.334072,0.229213,-0.359734,1.00787,0.136419,-0.149668,0.618705,0.0585301,-0.31398,0.331563,0.886879,-0.00896787,-0.645716,0.327809,0.724861,0.104893
-0.268259,0.00109921,0.436353,-0.00253436,-0.0347956,0.000446366,0.999391,-0.0137092,0.286169,-0.780647,0.104028,0.523231,-0.961185,-0.0148032,0.590457,-1.19299,0.00137436,0.273125,-0.975896,-0.0350352,2.46723,1.48126,0.89112,-0.0226261,0.00235424,-0.0430773,0.000155847,0.0159166,-0.0099968,-0.00246866,-0.000162411,0.0102211,-0.173047,0.175631,0.00943538,-0.173765,0.175158,0.00960413,-0.170156,0.166978,0.00978651,-0.173189,0.177316,1.49977,-1.08579,-1.38046,0.316148,0.806939,0.105128
-0.269226,0.00110098,0.436482,-0.00263396,-0.0348217,0.00044079,0.99939,-0.0135035,0.282708,-0.777137,0.104216,0.519756,-0.957682,-0.0146108,0.587054,-1.18965,0.0015689,0.26966,-0.972352,-0.00504076,2.44552,1.45365,0.897443,-0.00648709,0.00445681,-0.0162916,-4.88765e-05,0.00600799,-0.00294172,-0.00059945,-2.864e-05,0.00308195,-0.0654395,0.0660522,0.00276668,-0.0654937,0.0656489,0.00285858,-0.0646488,0.0631972,0.00287261,-0.0655927,0.0668393,1.00394,-1.12925,-1.12955,0.0984252,0.765208,0.0901734
-0.269645,0.00109834,0.436452,-0.0026631,-0.0348288,0.000438978,0.99939,-0.0134408,0.281399,-0.775817,0.104272,0.518447,-0.956369,-0.0145532,0.585762,-1.18839,0.00162543,0.268348,-0.971017,0.0150373,2.42293,1.43106,0.899411,0.00881727,0.00626029,-0.0114763,-2.34185e-05,0.00393769,-0.00229144,-0.000667267,-2.60604e-05,0.00237361,-0.0454894,0.0461449,0.00217249,-0.045319,0.0456278,0.00222571,-0.044374,0.0434484,0.00225322,-0.0454902,0.0464661,0.591667,-0.978494,-0.931105,-0.118391,0.59009,0.0638206
-0.269965,0.0010963,0.436388,-0.00268572,-0.0348365,0.000437494,0.999389,-0.0133926,0.280489,-0.774896,0.104315,0.517541,-0.955458,-0.014508,0.584874,-1.18752,0.00166985,0.267438,-0.97009,0.02687,2.40336,1.41244,0.897043,0.0206192,0.00753671,-0.0124066,-6.2298e-05,0.00432157,-0.00215123,-0.000660957,-2.13755e-05,0.00225186,-0.0494321,0.0501031,0.00203116,-0.0490535,0.0493246,0.00210049,-0.0481763,0.0471596,0.00212709,-0.0494079,0.0504454,0.249768,-0.96401,-0.715124,-0.262227,0.352732,0.0316268
-0.270303,0.00109375,0.436331,-0.00270691,-0.0348438,0.000436197,0.999389,-0.0133472,0.279501,-0.773895,0.104355,0.51656,-0.954472,-0.0144651,0.583911,-1.18658,0.00171205,0.26645,-0.969082,0.0318649,2.38408,1.39814,0.891798,0.0276738,0.00816925,-0.0197288,-0.000194105,0.00741571,-0.00233151,-0.000840112,-1.50589e-05,0.00255908,-0.0788602,0.0797133,0.00214998,-0.0792218,0.0795216,0.00229875,-0.0783695,0.0768238,0.00230514,-0.0789374,0.0806109,-0.0380948,-1.09377,-0.409248,-0.300731,0.119032,-0.00169611
-0.270792,0.00108904,0.436325,-0.00272988,-0.0348526,0.000434996,0.999389,-0.0132959,0.277924,-0.772301,0.104398,0.514976,-0.952883,-0.014418,0.582343,-1.18505,0.00175814,0.264872,-0.96747,0.0311026,2.36221,1.38995,0.885783,0.0300544,0.00813532,-0.0601515,-0.00142057,0.0359466,0.039982,-0.00204493,-9.93596e-05,0.184958,0.625799,-1.16343,-0.0407578,-0.261608,0.263474,-0.0392129,-0.271903,0.273487,-0.222194,0.586658,-0.845459,-0.241068,-0.676458,0.0102383,-0.303126,-0.0677132,-0.0312117
-0.272127,0.00106191,0.436837,-0.00233,-0.0348733,0.000447787,0.999389,-0.0095967,0.290441,-0.79557,0.103582,0.509744,-0.947616,-0.015201,0.576905,-1.17958,-0.00268575,0.276606,-0.984379,0.0262811,2.34868,1.39016,0.879721,0.0287001,0.00751108,-0.060189,-0.00128194,0.0343558,0.0558904,-0.0071244,-0.000311536,0.113109,1.10544,-2.07198,-0.056603,-0.254252,0.261057,-0.0551875,-0.2636,0.269699,-0.13019,0.978586,-1.51985,-0.263246,-0.133767,-0.00119269,-0.227275,-0.191914,-0.0519428
-0.273459,0.00103687,0.437323,-0.00177111,-0.0349448,0.000464154,0.999388,-0.00733445,0.31255,-0.837009,0.102449,0.504659,-0.942396,-0.0163035,0.571633,-1.17419,-0.00528956,0.296178,-1.01478,0.0210161,2.34601,1.39013,0.875175,0.0248617,0.00647221,-0.0571413,-0.00117165,0.0321272,0.055291,-0.00747196,-0.00031499,0.0686267,1.41037,-2.69497,-0.0559533,-0.23974,0.246887,-0.0546234,-0.248383,0.254836,-0.0813097,1.21432,-1.98775,-0.275662,0.167225,0.0344958,-0.0877329,-0.253157,-0.0631392
-0.274727,0.00101331,0.437773,-0.00121826,-0.0350198,0.000480296,0.999386,-0.00596186,0.340758,-0.890909,0.101329,0.499864,-0.937461,-0.0173946,0.566665,-1.1691,-0.00691576,0.320465,-1.05453,0.0155028,2.34935,1.39082,0.87342,0.0197986,0.00520941,-0.0524938,-0.00103853,0.0290518,0.050022,-0.00683043,-0.000279109,0.0420247,1.5869,-3.07444,-0.0506215,-0.219395,0.225901,-0.0494126,-0.22707,0.232898,-0.0562344,1.34695,-2.27481,-0.269459,0.311331,0.0782235,0.047352,-0.268093,-0.0664585
-0.275898,0.00099177,0.438172,-0.000718143,-0.0350886,0.000494947,0.999384,-0.00512131,0.372497,-0.952398,0.100315,0.495476,-0.932945,-0.0183814,0.562123,-1.16444,-0.00804045,0.347405,-1.10003,0.0101136,2.35558,1.39239,0.874367,0.0144366,0.00388024,-0.0474369,-0.00090641,0.0258333,0.0443934,-0.00614345,-0.000244056,0.0261892,1.66652,-3.25496,-0.0449283,-0.197485,0.203307,-0.0438473,-0.204155,0.209316,-0.0425305,1.40608,-2.41149,-0.248096,0.359438,0.104696,0.143747,-0.253326,-0.0642498
-0.276963,0.000972402,0.438518,-0.000274363,-0.0351506,0.000507965,0.999382,-0.00459748,0.405828,-1.0175,0.0994151,0.491527,-0.928882,-0.0192569,0.55804,-1.16026,-0.00889106,0.375527,-1.14826,0.00515167,2.36277,1.39448,0.877242,0.0093701,0.00259524,-0.0426397,-0.000788074,0.0228547,0.0393988,-0.00556862,-0.000215653,0.0168812,1.67342,-3.27858,-0.0398746,-0.176756,0.182008,-0.0389123,-0.182505,0.187113,-0.0343313,1.41172,-2.42829,-0.217421,0.351019,0.107663,0.194473,-0.222271,-0.0587339
-0.277928,0.000955064,0.438816,0.00011942,-0.0352069,0.000519499,0.99938,-0.00425981,0.439296,-1.08307,0.0986161,0.487992,-0.925244,-0.0200337,0.554389,-1.15652,-0.00957769,0.403762,-1.19682,0.000803281,2.36979,1.39663,0.881132,0.00492466,0.00142056,-0.038376,-0.000687345,0.0202556,0.0350763,-0.00507858,-0.000192255,0.0114771,1.62731,-3.18283,-0.0355013,-0.158395,0.163161,-0.0346423,-0.163348,0.167486,-0.0288959,1.37903,-2.35343,-0.182427,0.31117,0.0915654,0.207322,-0.184413,-0.0516599
-0.278803,0.000939501,0.439072,0.000469922,-0.0352584,0.000529729,0.999378,-0.00403023,0.471843,-1.14673,0.0979043,0.484824,-0.921984,-0.020725,0.551122,-1.15317,-0.0101556,0.431343,-1.24389,-0.00284522,2.37601,1.39846,0.885278,0.00123639,0.000387358,-0.0347048,-0.000603575,0.0180505,0.0312617,-0.00462593,-0.000171679,0.00835679,1.5444,-3.00023,-0.0316445,-0.142671,0.146988,-0.0308728,-0.146951,0.150658,-0.0249308,1.31998,-2.21185,-0.146695,0.255959,0.0643105,0.194919,-0.145736,-0.0442229
-0.279601,0.000925439,0.439292,0.000782219,-0.0353054,0.000538803,0.999376,-0.00386305,0.502731,-1.20673,0.0972696,0.481971,-0.919048,-0.0213409,0.548183,-1.15017,-0.0106542,0.457743,-1.28813,-0.00577908,2.38113,1.39975,0.889177,-0.00167833,-0.0004971,-0.031592,-0.000534519,0.0162039,0.0278053,-0.00417993,-0.000152556,0.00654375,1.4378,-2.75821,-0.0281537,-0.129439,0.133315,-0.027455,-0.133158,0.136438,-0.0218254,1.24396,-2.02487,-0.11256,0.195823,0.0331513,0.169065,-0.109577,-0.037123
-0.280335,0.000912622,0.439483,0.00105989,-0.0353479,0.000546826,0.999374,-0.00373214,0.531488,-1.26189,0.0967045,0.479383,-0.916384,-0.0218884,0.545519,-1.14744,-0.0110907,0.482623,-1.32863,-0.00803023,2.38505,1.40041,0.892558,-0.00386987,-0.00123956,-0.0289738,-0.000477702,0.0146671,0.0246112,-0.00372732,-0.000134247,0.00545853,1.31778,-2.47944,-0.0249322,-0.118414,0.121841,-0.0242938,-0.121667,0.124512,-0.0192993,1.15817,-1.8102,-0.0814129,0.1375,0.00313363,0.13852,-0.0775036,-0.0306899
-0.281013,0.000900834,0.43965,0.00130554,-0.035386,0.000553881,0.999373,-0.00362294,0.557843,-1.31148,0.0962037,0.477015,-0.913951,-0.0223726,0.543085,-1.14496,-0.0114767,0.505787,-1.36483,-0.00965846,2.3878,1.40048,0.895328,-0.00541994,-0.00185335,-0.0267824,-0.000430928,0.0133926,0.0216265,-0.00326571,-0.000116533,0.00474766,1.19212,-2.18209,-0.0219258,-0.109287,0.112257,-0.0213374,-0.112154,0.114555,-0.017232,1.06801,-1.58213,-0.0539694,0.0850982,-0.0229626,0.108797,-0.0500128,-0.0250171
-0.281645,0.000889888,0.439797,0.00152129,-0.0354195,0.000560033,0.999371,-0.00352796,0.581686,-1.35512,0.0957629,0.47483,-0.911709,-0.0227978,0.540842,-1.14267,-0.0118213,0.527147,-1.39647,-0.0107378,2.3895,1.40002,0.897504,-0.00642019,-0.00235369,-0.0249544,-0.000392386,0.0123377,0.018823,-0.00279789,-9.93841e-05,0.00417394,1.06648,-1.88025,-0.0191053,-0.10177,0.104277,-0.0185582,-0.104317,0.106266,-0.0155779,0.977343,-1.35176,-0.0304739,0.0407639,-0.044073,0.0828172,-0.0270191,-0.0200723
-0.282238,0.000879631,0.439929,0.00170892,-0.0354484,0.00056534,0.99937,-0.00344445,0.603016,-1.39273,0.0953783,0.472795,-0.909627,-0.0231673,0.538755,-1.14055,-0.0121329,0.546694,-1.42351,-0.0113473,2.39031,1.39914,0.899161,-0.00696057,-0.00275514,-0.0234333,-0.000360623,0.0114658,0.0161845,-0.00232839,-8.28286e-05,0.00355431,0.944708,-1.58439,-0.0164537,-0.0956057,0.0976474,-0.0159407,-0.0978872,0.0993813,-0.0143223,0.888843,-1.12731,-0.0108535,0.00518971,-0.0602088,0.0617349,-0.0081532,-0.0157718
-0.282799,0.000869933,0.440048,0.0018701,-0.0354726,0.000569854,0.999369,-0.00337334,0.62191,-1.42442,0.0950466,0.470883,-0.907678,-0.0234845,0.536797,-1.13857,-0.0124193,0.564471,-1.44605,-0.0115644,2.39042,1.39793,0.900395,-0.00712362,-0.00307057,-0.0221703,-0.000334483,0.0107457,0.0137001,-0.00186182,-6.68965e-05,0.00273008,0.829217,-1.30172,-0.0139594,-0.0905709,0.0921505,-0.0134745,-0.0926325,0.0936737,-0.0134612,0.804224,-0.9145,0.00517161,-0.0219499,-0.0719439,0.0456395,0.00707223,-0.0120218
-0.283333,0.000860687,0.440156,0.00200636,-0.0354921,0.000573623,0.999368,-0.00331872,0.638495,-1.45045,0.0947647,0.469072,-0.905838,-0.0237524,0.534944,-1.1367,-0.0126885,0.580556,-1.46434,-0.011461,2.38998,1.39649,0.901308,-0.00698217,-0.00331101,-0.0211243,-0.000313062,0.0101517,0.0113621,-0.00140219,-5.16048e-05,0.00155571,0.721263,-1.0367,-0.0116138,-0.0864799,0.0876045,-0.0111521,-0.0883593,0.0889538,-0.0129915,0.724469,-0.716895,0.0180072,-0.041618,-0.0800764,0.0340505,0.0191794,-0.00873704
-0.283845,0.000851801,0.440257,0.00211917,-0.0355071,0.000576694,0.999367,-0.00328759,0.65292,-1.47119,0.0945295,0.467343,-0.90409,-0.0239739,0.533176,-1.13493,-0.0129484,0.595046,-1.47868,-0.0111009,2.38915,1.39489,0.901989,-0.00659858,-0.00348575,-0.020263,-0.000295669,0.00966364,0.00916474,-0.00095286,-3.69558e-05,-0.000104421,0.621203,-0.791453,-0.00941084,-0.0831854,0.0838652,-0.00896834,-0.0849144,0.0850716,-0.0129083,0.649996,-0.536233,0.0281257,-0.0551037,-0.085434,0.0262319,0.0286874,-0.00584521
-0.284339,0.000843199,0.44035,0.00220994,-0.0355176,0.000579112,0.999366,-0.00328966,0.665345,-1.48701,0.0943384,0.465679,-0.902416,-0.0241517,0.531477,-1.13323,-0.0132065,0.608046,-1.48941,-0.0105385,2.38805,1.39318,0.902514,-0.00602483,-0.00360265,-0.0195623,-0.000281796,0.00926657,0.0071051,-0.00051655,-2.29424e-05,-0.0023775,0.528714,-0.566145,-0.00734712,-0.0805783,0.0808264,-0.00692037,-0.0821844,0.0819163,-0.0132043,0.58079,-0.372779,0.0360227,-0.0637887,-0.0887735,0.0213754,0.0360952,-0.00328665
-0.284817,0.000834813,0.440439,0.00228004,-0.0355238,0.00058092,0.999366,-0.00333719,0.675919,-1.49834,0.0941883,0.464068,-0.900803,-0.0242886,0.529833,-1.1316,-0.0134706,0.619662,-1.49686,-0.00981814,2.38677,1.39141,0.902941,-0.00530292,-0.00366839,-0.0190063,-0.000271094,0.00895027,0.00518277,-9.55063e-05,-9.55303e-06,-0.00538479,0.44296,-0.359433,-0.005422,-0.0785852,0.0784168,-0.00500797,-0.0800927,0.0794138,-0.0138703,0.516503,-0.225634,0.0421868,-0.0689885,-0.0907362,0.0186999,0.0418718,-0.00101182
-0.285282,0.000826581,0.440523,0.00233087,-0.0355258,0.000582164,0.999366,-0.00344488,0.684779,-1.50553,0.0940767,0.462497,-0.899238,-0.0243873,0.528231,-1.13001,-0.013748,0.629993,-1.50137,-0.00897453,2.38539,1.38959,0.903315,-0.00446547,-0.00368862,-0.0185861,-0.00026334,0.00870865,0.00340009,0.000308346,3.22285e-06,-0.00924541,0.362732,-0.168807,-0.00363763,-0.0771636,0.0765959,-0.00323351,-0.0785952,0.077522,-0.0148957,0.456536,-0.0930243,0.0470768,-0.0718591,-0.0918305,0.0174985,0.0464496,0.00102051
-0.285739,0.000818447,0.440605,0.00236381,-0.0355237,0.000582888,0.999366,-0.00362977,0.692033,-1.5089,0.0940008,0.460954,-0.89771,-0.0244505,0.526658,-1.12847,-0.0140459,0.639123,-1.50323,-0.00803312,2.38395,1.38776,0.903665,-0.00353647,-0.00366821,-0.0182985,-0.000258414,0.00853891,0.00176193,0.000693244,1.53902e-05,-0.0140807,0.286558,0.00905966,-0.0019988,-0.0762966,0.0753485,-0.0016019,-0.0776741,0.0762246,-0.0162692,0.400096,0.0274334,0.0511076,-0.0733516,-0.0924267,0.0171553,0.0502173,0.0028443
-0.286188,0.000810355,0.440685,0.00238031,-0.0355178,0.000583141,0.999366,-0.00391138,0.697765,-1.50872,0.0939575,0.459429,-0.896207,-0.0244811,0.525104,-1.12695,-0.0143713,0.647126,-1.50268,-0.00701112,2.38249,1.38591,0.904008,-0.00253212,-0.00361133,-0.0181449,-0.000256274,0.00844068,0.000275538,0.00105743,2.69438e-05,-0.0200177,0.212804,0.17799,-0.000512717,-0.0759858,0.074678,-0.000120325,-0.0773309,0.0755252,-0.0179783,0.346256,0.138498,0.0546387,-0.0741977,-0.0927549,0.0171447,0.0535136,0.0044865
-0.286634,0.000802251,0.440764,0.00238192,-0.0355083,0.000582972,0.999366,-0.00431173,0.702021,-1.50516,0.0939439,0.45791,-0.894717,-0.0244822,0.523557,-1.12544,-0.0147309,0.654051,-1.49991,-0.00591851,2.381,1.38405,0.904351,-0.00146184,-0.0035216,-0.0181293,-0.000256926,0.00841517,-0.00104973,0.00139903,3.78643e-05,-0.0271916,0.139758,0.342009,0.00081125,-0.0762457,0.0746006,0.00120191,-0.0775804,0.0754404,-0.0200095,0.294006,0.24309,0.0579666,-0.0749123,-0.0929036,0.0170224,0.0566218,0.00596693
-0.287078,0.000794078,0.440844,0.00237023,-0.0354954,0.000582435,0.999367,-0.00485556,0.704816,-1.49832,0.0939568,0.456385,-0.893228,-0.0244568,0.522005,-1.12394,-0.0151311,0.659931,-1.49505,-0.00475935,2.3795,1.38219,0.904692,-0.000329395,-0.00340226,-0.0182577,-0.000260408,0.00846452,-0.00220259,0.00171589,4.81145e-05,-0.0357447,0.0657243,0.505063,0.0019618,-0.0770975,0.0751399,0.00235362,-0.0784447,0.0759944,-0.0223482,0.242311,0.344095,0.0613181,-0.0757985,-0.0928172,0.0164154,0.0597642,0.00729783
-0.287525,0.000785779,0.440926,0.00234698,-0.0354794,0.000581588,0.999367,-0.00557046,0.706131,-1.48822,0.0939927,0.454844,-0.891729,-0.0244084,0.520436,-1.12242,-0.015578,0.664778,-1.48817,-0.00353317,2.37799,1.38034,0.90502,0.000865898,-0.0032563,-0.0185366,-0.00026677,0.00859111,-0.00317008,0.00200552,5.76363e-05,-0.0458249,-0.0108836,0.670753,0.00292593,-0.0785651,0.0763221,0.00332191,-0.0799482,0.0772142,-0.024978,0.190167,0.444189,0.0648431,-0.0769501,-0.0922927,0.0150168,0.0630979,0.00848334
-0.287976,0.000777296,0.44101,0.00231404,-0.0354605,0.000580491,0.999368,-0.00648697,0.705914,-1.4748,0.0940478,0.453273,-0.890206,-0.0243406,0.518836,-1.12089,-0.0160776,0.668581,-1.47929,-0.0022365,2.37645,1.37849,0.905321,0.00212786,-0.00308663,-0.0189724,-0.000276054,0.00879716,-0.00393776,0.00226503,6.63487e-05,-0.0575801,-0.0914384,0.842071,0.00368918,-0.0806711,0.0781727,0.00409242,-0.0821141,0.0791259,-0.0278808,0.136674,0.545665,0.0686064,-0.0782439,-0.0909811,0.0125912,0.0667083,0.0095186
-0.288435,0.000768568,0.441098,0.0022734,-0.0354389,0.00057921,0.999369,-0.00763859,0.704085,-1.45796,0.0941183,0.45166,-0.888646,-0.0242575,0.517194,-1.11931,-0.0166352,0.671315,-1.46837,-0.000864566,2.37488,1.37667,0.905572,0.00346204,-0.00289626,-0.0195707,-0.000288285,0.00908434,-0.00449006,0.00249112,7.41473e-05,-0.0711529,-0.176979,1.02114,0.00423594,-0.0834337,0.0807133,0.00464964,-0.0849613,0.0817519,-0.0310373,0.0811024,0.650275,0.0725773,-0.079322,-0.0883945,0.00899404,0.0705992,0.0103883
-0.288906,0.000759537,0.441192,0.00222724,-0.0354152,0.000577815,0.99937,-0.00906168,0.700546,-1.43754,0.0941997,0.449992,-0.887035,-0.0241633,0.515494,-1.11768,-0.017256,0.672937,-1.45537,0.000586782,2.3733,1.3749,0.905752,0.00487403,-0.00268849,-0.0203357,-0.000303448,0.00945342,-0.00481067,0.00268005,8.09043e-05,-0.0866743,-0.268075,1.20895,0.00454991,-0.0868649,0.0839594,0.00497732,-0.088502,0.0851079,-0.0344272,0.0229802,0.759063,0.0766164,-0.0795684,-0.0839288,0.00421125,0.0746761,0.0110646
-0.289392,0.000750141,0.441292,0.00217787,-0.0353896,0.000576381,0.999371,-0.0107952,0.695184,-1.41336,0.0942875,0.448255,-0.885359,-0.0240625,0.513723,-1.11598,-0.0179445,0.673397,-1.44019,0.00211891,2.3717,1.37323,0.905836,0.00636756,-0.0024672,-0.0212693,-0.000321472,0.00990392,-0.00488316,0.00282779,8.64701e-05,-0.104259,-0.364676,1.4051,0.00461469,-0.0909668,0.0879173,0.00505903,-0.0927381,0.0892001,-0.0380307,-0.0378165,0.872206,0.0804606,-0.0780863,-0.076906,-0.00157768,0.0787168,0.0115035
-0.289896,0.000740323,0.4414,0.00212778,-0.0353625,0.000574987,0.999372,-0.0128804,0.687891,-1.38526,0.0943767,0.446436,-0.883604,-0.0239602,0.511868,-1.1142,-0.0187051,0.672641,-1.42274,0.00372793,2.37014,1.37169,0.905805,0.00794191,-0.00223713,-0.0223703,-0.000342201,0.0104335,-0.00469181,0.00292996,9.06737e-05,-0.124003,-0.465938,1.60747,0.00441459,-0.0957268,0.0925787,0.004879,-0.0976564,0.0940196,-0.0418297,-0.100963,0.98885,0.0837043,-0.0736954,-0.0666413,-0.00790575,0.0823233,0.0116403
-0.290422,0.000730029,0.441517,0.00207963,-0.0353343,0.000573714,0.999373,-0.0153605,0.678572,-1.35311,0.0944619,0.444522,-0.881756,-0.0238614,0.509915,-1.11233,-0.0195418,0.670622,-1.40297,0.00540183,2.36867,1.37035,0.905647,0.00958838,-0.00200432,-0.0236317,-0.000365342,0.0110366,-0.00422273,0.00298183,9.33234e-05,-0.145991,-0.570041,1.81199,0.00393583,-0.101107,0.097911,0.00442323,-0.103218,0.0995322,-0.0458081,-0.165578,1.10693,0.0857814,-0.0649703,-0.0525368,-0.0138871,0.0848531,0.0113849
-0.290973,0.00071921,0.441643,0.00203619,-0.0353057,0.000572649,0.999374,-0.0182805,0.667172,-1.31687,0.0945377,0.4425,-0.879801,-0.0237718,0.50785,-1.11034,-0.0204579,0.667311,-1.38083,0.00711728,2.36737,1.3693,0.905369,0.0112855,-0.00177662,-0.0250367,-0.000390398,0.0117026,-0.00346573,0.00297826,9.42048e-05,-0.170306,-0.673993,2.01229,0.00316844,-0.107029,0.10384,0.00368131,-0.10934,0.10566,-0.0499505,-0.230103,1.22302,0.0859462,-0.0503539,-0.0342019,-0.0180444,0.0853311,0.0106184
-0.291552,0.000707827,0.441781,0.00200035,-0.0352772,0.000571877,0.999375,-0.0216867,0.653692,-1.27662,0.0945983,0.44036,-0.877727,-0.0236971,0.505663,-1.10823,-0.021457,0.662709,-1.35637,0.00883604,2.36636,1.36862,0.905008,0.0129921,-0.00156426,-0.0265519,-0.000416563,0.0124126,-0.00241764,0.00291366,9.30837e-05,-0.197046,-0.773426,2.19945,0.00210959,-0.113342,0.11022,0.00264963,-0.115867,0.112254,-0.0542357,-0.292183,1.33211,0.0832577,-0.028379,-0.011604,-0.0181092,0.0823624,0.00919439
-0.292161,0.00069586,0.441931,0.00197502,-0.0352492,0.000571484,0.999376,-0.0256277,0.638224,-1.23263,0.0946378,0.438094,-0.875525,-0.023643,0.503345,-1.10599,-0.0225417,0.656865,-1.32972,0.010501,2.36579,1.36839,0.904646,0.0146394,-0.00138037,-0.0281177,-0.000442603,0.0131344,-0.00108842,0.00278225,8.97243e-05,-0.226333,-0.862416,2.36165,0.000769919,-0.119785,0.116797,0.00133747,-0.122527,0.119048,-0.0586221,-0.348553,1.42749,0.0765658,0.00198323,0.0147185,-0.0108514,0.0740914,0.00695224
-0.292802,0.000683313,0.442092,0.00196302,-0.0352226,0.000571548,0.999377,-0.0301545,0.620976,-1.1854,0.0946508,0.435698,-0.873192,-0.0236152,0.500894,-1.10361,-0.0237142,0.649895,-1.30117,0.0120322,2.36583,1.36868,0.904429,0.0161212,-0.00124132,-0.0296361,-0.000466754,0.013817,0.000486951,0.00257968,8.39522e-05,-0.25828,-0.933317,2.48387,-0.000814548,-0.125935,0.123153,-0.000221299,-0.128886,0.125612,-0.0630172,-0.39495,1.50051,0.0644955,0.0408658,0.0432958,0.00791369,0.0582937,0.00374653
-0.293473,0.000670231,0.442264,0.00196683,-0.035198,0.000572134,0.999378,-0.0353203,0.602309,-1.13572,0.0946322,0.43318,-0.870732,-0.0236186,0.498316,-1.1011,-0.0249746,0.641996,-1.27116,0.013322,2.36665,1.36955,0.904587,0.0172871,-0.00116639,-0.0309602,-0.000486705,0.0143862,0.00222614,0.00230736,7.58206e-05,-0.292813,-0.97668,2.54765,-0.00255988,-0.131173,0.128665,-0.00194592,-0.134301,0.1313,-0.0672225,-0.426099,1.54044,0.0454169,0.0870322,0.0710328,0.0428595,0.032731,-0.000500743
-0.29417,0.00065671,0.442444,0.00198807,-0.0351762,0.000573277,0.999379,-0.0411768,0.582776,-1.08477,0.0945789,0.430557,-0.868161,-0.0236565,0.49563,-1.09848,-0.0263191,0.633474,-1.24035,0.0142303,2.36839,1.37097,0.905444,0.0179417,-0.0011764,-0.0318894,-0.000499821,0.0147435,0.00395773,0.0019828,6.59759e-05,-0.329144,-0.981316,2.53071,-0.00429246,-0.13467,0.13249,-0.00366708,-0.137916,0.13524,-0.0708337,-0.435886,1.53418,0.0173695,0.137571,0.0918906,0.0977849,-0.00407539,-0.00572705
-0.294885,0.000642907,0.442629,0.00202667,-0.0351576,0.000574961,0.99938,-0.04776,0.56315,-1.03416,0.0944911,0.427863,-0.865513,-0.0237288,0.492871,-1.09578,-0.0277358,0.624757,-1.20967,0.0145776,2.37114,1.37281,0.9074,0.0178602,-0.00129094,-0.0321808,-0.000503748,0.0147721,0.00534454,0.00166057,5.63799e-05,-0.364392,-0.934692,2.40659,-0.00567251,-0.135461,0.133606,-0.00505019,-0.138731,0.136378,-0.0730553,-0.417929,1.46596,-0.0221076,0.188005,0.0946269,0.172871,-0.0515321,-0.0116434
-0.295605,0.000629041,0.442813,0.0020792,-0.0351422,0.00057707,0.99938,-0.0550482,0.544456,-0.986024,0.094376,0.425154,-0.862844,-0.0238289,0.490096,-1.09305,-0.029197,0.616398,-1.18035,0.0141355,2.3749,1.3747,0.910858,0.0168296,-0.00152381,-0.031577,-0.000497502,0.0143528,0.00575476,0.00146853,5.15341e-05,-0.39026,-0.824135,2.14396,-0.00606544,-0.132602,0.130942,-0.00546627,-0.135764,0.133601,-0.0723389,-0.367047,1.31663,-0.0763023,0.232966,0.0595582,0.260403,-0.105186,-0.0176469
-0.296311,0.000615369,0.442988,0.00213589,-0.0351288,0.000579313,0.99938,-0.0628538,0.527974,-0.943144,0.0942532,0.422502,-0.860227,-0.0239373,0.487381,-1.09038,-0.0306438,0.609058,-1.15402,0.0126095,2.37956,1.37589,0.916066,0.0147259,-0.00187675,-0.0298356,-0.000482637,0.0133785,0.00413419,0.00164313,5.96616e-05,-0.38526,-0.640019,1.70526,-0.00441451,-0.125326,0.123496,-0.00386404,-0.128212,0.125868,-0.0656503,-0.282695,1.06217,-0.149772,0.267217,-0.0447924,0.339906,-0.154954,-0.0227272
-0.296981,0.000602139,0.443145,0.00217644,-0.0351136,0.000581119,0.999381,-0.0705595,0.515174,-0.909038,0.0941636,0.419996,-0.857759,-0.0240137,0.484816,-1.08787,-0.0319569,0.603404,-1.13277,0.00961409,2.38491,1.37499,0.922864,0.0116268,-0.0023313,-0.0266828,-0.000454149,0.0117458,-0.00040691,0.00238067,8.58752e-05,-0.29675,-0.384152,1.04299,0.00016966,-0.112723,0.110164,0.000641779,-0.11513,0.112045,-0.0470346,-0.176749,0.669927,-0.248206,0.286366,-0.262578,0.375957,-0.184676,-0.0253373
-0.297583,0.00058972,0.443271,0.00217165,-0.0350912,0.000581652,0.999382,-0.0764951,0.507491,-0.888178,0.094166,0.417741,-0.855557,-0.024,0.482513,-1.08563,-0.0328977,0.599869,-1.11938,0.0046501,2.39063,1.36974,0.930383,0.00793321,-0.00283805,-0.0213282,-8.00024e-06,0.0100246,0.00318925,0.00148242,3.38089e-06,-0.00298062,-0.0918081,0.090041,-0.00352978,-0.0904333,0.0888813,-0.0031148,-0.0929676,0.091284,-0.00290501,-0.0931284,0.0899358,-0.376787,0.293977,-0.65063,0.32438,-0.175552,-0.02322
-0.298076,0.000586449,0.443373,0.00220279,-0.0350777,0.000582624,0.999382,-0.0765552,0.505655,-0.886377,0.0940944,0.415933,-0.853781,-0.0240617,0.480654,-1.08381,-0.032956,0.598007,-1.11758,-0.00288551,2.39651,1.35673,0.936871,0.00442211,-0.00330246,-0.0207992,0.00013069,0.010699,0.000922722,0.00250844,-3.42854e-05,-0.000722443,-0.090907,0.0881553,-0.00135745,-0.0904922,0.0880404,-0.000843701,-0.0933758,0.0911459,-0.000757065,-0.0940779,0.0904783,-0.207154,-0.0940517,-0.473555,0.207274,-0.129788,-0.0126491
-0.298559,0.000585831,0.443489,0.00221125,-0.0350537,0.000582438,0.999383,-0.0765701,0.503837,-0.884614,0.0940665,0.414123,-0.852022,-0.024078,0.478787,-1.08199,-0.0329716,0.596125,-1.11577,-0.00702849,2.39463,1.34726,0.941017,0.00182631,-0.00355546,-0.0266041,0.000183957,0.0138126,0.00121493,0.00336934,-4.7261e-05,-0.000954353,-0.116557,0.112895,-0.00177661,-0.116206,0.112948,-0.00111817,-0.120055,0.117151,-0.00101701,-0.120774,0.116103,-0.0467689,-0.406037,-0.410432,0.016592,-0.0550688,0.00860322
-0.29916,0.000585795,0.44366,0.0022226,-0.035021,0.000582221,0.999384,-0.0765895,0.501506,-0.882356,0.0940303,0.411799,-0.849764,-0.0241001,0.476386,-1.07964,-0.0329925,0.59371,-1.11345,-0.00796383,2.38651,1.33905,0.941348,0.000724931,-0.00338341,-0.0379309,0.000279215,0.019845,0.0018068,0.00504965,-7.11724e-05,-0.00142914,-0.166579,0.161142,-0.00261254,-0.166268,0.161427,-0.0016704,-0.171987,0.167754,-0.00153937,-0.172832,0.166062,0.104068,-0.691358,-0.356962,-0.16506,0.0184719,0.0411207
-0.299996,0.000586797,0.443936,0.00223983,-0.0349712,0.000581987,0.999386,-0.0766184,0.498174,-0.879133,0.0939775,0.408474,-0.846536,-0.0241333,0.472946,-1.07629,-0.0330239,0.590254,-1.11013,-0.0058825,2.37268,1.33191,0.938047,0.00109441,-0.002561,-0.0575833,0.000521016,0.0301629,0.0014125,0.00766108,-0.000125546,-0.000862592,-0.252786,0.244566,-0.00268136,-0.252067,0.244732,-0.00123083,-0.260597,0.254255,-0.00104476,-0.262616,0.252506,0.245529,-0.934676,-0.205469,-0.268172,0.0625005,0.0835152
-0.301236,0.000591187,0.444391,0.00225314,-0.034895,0.000581114,0.999388,-0.0766359,0.493119,-0.874242,0.0939236,0.403433,-0.841642,-0.0241579,0.467735,-1.0712,-0.0330456,0.585002,-1.10508,-0.000971978,2.35399,1.3278,0.932683,0.00234448,-0.000890705,-0.0971503,0.0028423,0.0583763,-0.187415,-0.0296604,0.00163594,0.187675,-0.395032,0.424723,-0.120309,0.31163,-0.882062,0.318769,0.19966,-0.502058,0.187152,-0.417873,0.447633,0.135118,-0.647441,0.0897505,-0.318764,0.0716848,0.129948
-0.303305,0.000640835,0.445355,0.000379068,-0.0351928,0.00053114,0.99938,-0.0728826,0.485219,-0.865748,0.0915172,0.409666,-0.859283,-0.0177825,0.471728,-1.08125,-0.0293033,0.576645,-1.09612,0.00173034,2.34104,1.3296,0.926308,0.00377821,0.00170826,-0.0967518,0.00244674,0.055939,-0.224027,-0.0407583,0.00208196,0.224225,-0.379085,0.419746,-0.0418421,0.706468,-1.6896,0.26467,0.465231,-1.03483,0.223855,-0.399978,0.440266,0.0227391,-0.16606,0.00902182,-0.279757,0.0491744,0.163945
-0.305362,0.000687302,0.446274,-0.00186089,-0.0356015,0.000472731,0.999364,-0.0683982,0.477638,-0.857353,0.0906801,0.423796,-0.893076,-0.0124891,0.481033,-1.10194,-0.024827,0.568646,-1.08732,0.00218512,2.33772,1.32978,0.920712,0.00476172,0.00498718,-0.0933731,0.00207277,0.0529818,-0.221859,-0.0411078,0.00191236,0.222065,-0.362347,0.403344,-0.00367364,0.971823,-2.24299,0.224576,0.640025,-1.40324,0.221674,-0.381974,0.4226,-0.0270573,0.0978476,0.00591392,-0.159028,0.0132251,0.179103
-0.307348,0.000730993,0.447139,-0.00407901,-0.0360134,0.000413438,0.999343,-0.0639569,0.470392,-0.849287,0.0906063,0.443232,-0.937936,-0.00799764,0.493834,-1.13001,-0.0203942,0.561007,-1.07887,0.00164399,2.33968,1.3299,0.917532,0.00502621,0.00856926,-0.0882244,0.00171155,0.0491655,-0.20254,-0.0372003,0.00156444,0.202762,-0.342425,0.379505,0.00673813,1.13199,-2.58438,0.191562,0.746922,-1.63382,0.202339,-0.360577,0.397294,-0.0475219,0.222574,0.0316585,-0.029169,-0.0204382,0.176961
-0.309224,0.000771298,0.447936,-0.00610385,-0.0363861,0.000357496,0.999319,-0.0599016,0.463544,-0.841697,0.0907409,0.465872,-0.989623,-0.00416642,0.508773,-1.16268,-0.016348,0.553796,-1.07092,0.000693593,2.34413,1.33053,0.916949,0.00461743,0.0121085,-0.0823615,0.00139764,0.045108,-0.178097,-0.0320375,0.00121724,0.178331,-0.320967,0.35288,0.000873498,1.20851,-2.75334,0.162017,0.800935,-1.75169,0.177888,-0.337569,0.369127,-0.0559269,0.265671,0.0535181,0.0706028,-0.0449046,0.1628
-0.310977,0.000808089,0.448663,-0.00788421,-0.0367068,0.000306689,0.999295,-0.0563348,0.457125,-0.83464,0.0907581,0.490043,-1.04469,-0.000926088,0.524792,-1.19772,-0.0127908,0.547045,-1.06354,-0.000424892,2.34944,1.3316,0.918361,0.00371933,0.0153645,-0.076441,0.00113979,0.0411788,-0.153643,-0.0268469,0.000924497,0.153881,-0.299587,0.326307,-0.0138309,1.22037,-2.78596,0.135364,0.814222,-1.78008,0.153433,-0.314682,0.341056,-0.0595732,0.26293,0.0598883,0.129451,-0.0593475,0.142384
-0.312606,0.000841531,0.449322,-0.00942,-0.0369755,0.000261548,0.999272,-0.053257,0.451135,-0.828115,0.0904813,0.51445,-1.10041,0.00178116,0.541076,-1.23332,-0.0097227,0.540752,-1.05672,-0.00161629,2.3547,1.3328,0.92095,0.00253236,0.0182122,-0.0707895,0.000933829,0.0375419,-0.131011,-0.0220535,0.000692002,0.131249,-0.279226,0.301154,-0.0328782,1.18407,-2.71433,0.111637,0.797132,-1.73986,0.130807,-0.292921,0.314513,-0.0611369,0.235545,0.0515251,0.152565,-0.0658138,0.120239
-0.314116,0.000871916,0.449918,-0.0107295,-0.0371962,0.000222023,0.99925,-0.0506317,0.445551,-0.822092,0.0898235,0.538132,-1.1547,0.00401389,0.557019,-1.26812,-0.00710707,0.534895,-1.05043,-0.00283896,2.35941,1.33383,0.924001,0.00121608,0.020617,-0.0655437,0.000771492,0.0342499,-0.110696,-0.0177666,0.000511454,0.110928,-0.26032,0.277963,-0.0535766,1.11372,-2.56632,0.0908438,0.758406,-1.64929,0.1105,-0.272745,0.290062,-0.0615123,0.196109,0.0338616,0.150938,-0.0670418,0.0991922
-0.315515,0.000899567,0.450458,-0.0118358,-0.0373739,0.000187812,0.999231,-0.0484128,0.440346,-0.816533,0.0887518,0.560407,-1.20602,0.00583074,0.572187,-1.3011,-0.00489755,0.52944,-1.04463,-0.00406913,2.36334,1.3345,0.92702,-0.000124766,0.0226008,-0.0607514,0.00064431,0.0313063,-0.0927385,-0.0139929,0.000372529,0.0929639,-0.243021,0.256893,-0.0742578,1.021,-2.36565,0.0728944,0.705264,-1.52404,0.0925545,-0.254309,0.267866,-0.0610471,0.152416,0.0125231,0.135395,-0.0653792,0.0806195
-0.316814,0.0009248,0.450949,-0.0127626,-0.0375137,0.000158498,0.999215,-0.046553,0.435486,-0.811396,0.0872664,0.580827,-1.25334,0.0072886,0.586293,-1.33158,-0.00304691,0.524355,-1.03928,-0.00528999,2.36638,1.33476,0.929728,-0.00143236,0.0242132,-0.056423,0.000544921,0.0286965,-0.0770579,-0.0107133,0.000266202,0.0772746,-0.227356,0.237953,-0.0938256,0.915371,-2.13215,0.0576441,0.643504,-1.37721,0.0768864,-0.237637,0.247928,-0.0599693,0.10946,-0.00846802,0.114162,-0.0624499,0.0649174
-0.318021,0.000947908,0.451396,-0.0135326,-0.0376208,0.000133604,0.9992,-0.045007,0.43094,-0.806638,0.0853897,0.599134,-1.29598,0.00844146,0.599163,-1.35913,-0.00150962,0.519603,-1.03432,-0.00648928,2.36857,1.33459,0.932011,-0.00268136,0.0255115,-0.0525538,0.000467296,0.0264004,-0.063535,-0.00790129,0.000185184,0.0637425,-0.2133,0.221088,-0.111525,0.804243,-1.882,0.0449155,0.577658,-1.21955,0.0633761,-0.222696,0.23019,-0.0584857,0.0703853,-0.0269117,0.0925153,-0.0592082,0.0519472
-0.319147,0.00096916,0.451805,-0.0141674,-0.0376996,0.000112625,0.999189,-0.0437315,0.426675,-0.802217,0.0831591,0.615219,-1.33362,0.00933975,0.610716,-1.38352,-0.000242514,0.51515,-1.02972,-0.0076589,2.36998,1.33405,0.933861,-0.00386553,0.0265505,-0.0491302,0.000406637,0.0243957,-0.0520234,-0.005524,0.000123684,0.0522216,-0.2008,0.206215,-0.126835,0.693223,-1.62807,0.0345056,0.511165,-1.05958,0.0518765,-0.209427,0.214558,-0.0567823,0.0369581,-0.0419965,0.0733316,-0.056128,0.0413486
-0.3202,0.000988805,0.452181,-0.0146871,-0.0377547,9.50486e-05,0.999179,-0.0426864,0.42266,-0.798093,0.0806222,0.629084,-1.36618,0.0100298,0.62094,-1.40471,0.000794614,0.510962,-1.02543,-0.00879444,2.37072,1.33321,0.935328,-0.00498809,0.0273774,-0.0461325,0.000359188,0.0226589,-0.0423482,-0.00354188,7.71235e-05,0.0425375,-0.18979,0.193228,-0.139421,0.58638,-1.38027,0.02619,0.446545,-0.903875,0.0422124,-0.197753,0.200916,-0.0550123,0.00988174,-0.0537491,0.0578476,-0.0533953,0.0327204
-0.32119,0.00100707,0.452529,-0.01511,-0.03779,8.03821e-05,0.999171,-0.0418349,0.418866,-0.794229,0.0778337,0.640811,-1.39379,0.0105536,0.629871,-1.42279,0.00163847,0.507008,-1.02141,-0.00989457,2.37092,1.33213,0.936485,-0.006056,0.0280318,-0.0435357,0.000322045,0.0211661,-0.0343142,-0.00191047,4.19232e-05,0.0344953,-0.18019,0.182,-0.149109,0.486499,-1.14595,0.0197311,0.385566,-0.757289,0.0341883,-0.187584,0.189131,-0.0532934,-0.0109199,-0.0625951,0.0462999,-0.0510524,0.0257035
-0.322124,0.00102415,0.452852,-0.0154527,-0.0378089,6.81643e-05,0.999165,-0.0411443,0.415263,-0.79059,0.0748514,0.650542,-1.4167,0.0109482,0.637582,-1.43793,0.00232186,0.503257,-1.01763,-0.0109603,2.3707,1.33088,0.937411,-0.00707705,0.0285459,-0.0413118,0.00029298,0.0198936,-0.0277207,-0.000583962,1.53277e-05,0.0278942,-0.171911,0.172399,-0.155868,0.395334,-0.930186,0.014891,0.329385,-0.623172,0.0276033,-0.178824,0.17906,-0.0517119,-0.0260364,-0.069078,0.0383748,-0.0490852,0.0200069
-0.323011,0.00104023,0.453156,-0.0157294,-0.0378146,5.79772e-05,0.999161,-0.0405856,0.411826,-0.787143,0.0717339,0.658448,-1.43531,0.011246,0.64417,-1.4504,0.00287355,0.499681,-1.01405,-0.0119945,2.37018,1.3295,0.938178,-0.00805876,0.028946,-0.0394319,0.000270297,0.0188188,-0.0223762,0.000481143,-4.74051e-06,0.022543,-0.164862,0.164289,-0.15979,0.313827,-0.736207,0.0114437,0.278674,-0.503612,0.0222659,-0.171371,0.170557,-0.0503275,-0.0363368,-0.0737069,0.0334869,-0.0474665,0.0154051
-0.323858,0.00105548,0.453442,-0.0159527,-0.0378096,4.94495e-05,0.999158,-0.0401339,0.40853,-0.783857,0.0685379,0.664725,-1.45003,0.0114749,0.649744,-1.46047,0.0033185,0.496255,-1.01064,-0.0130009,2.36945,1.32803,0.938848,-0.0090081,0.0292541,-0.0378676,0.0002527,0.0179208,-0.01811,0.00132335,-1.98145e-05,0.0182708,-0.158952,0.157541,-0.161059,0.242303,-0.56568,0.00918486,0.233722,-0.399638,0.0180055,-0.165126,0.163484,-0.0491755,-0.0427865,-0.0768858,0.0309377,-0.04617,0.0117276
-0.324671,0.00107005,0.453715,-0.0161334,-0.0377962,4.2254e-05,0.999155,-0.0397677,0.405352,-0.780707,0.0653167,0.669571,-1.46135,0.0116585,0.654418,-1.46846,0.00367825,0.492953,-1.00737,-0.0139843,2.3686,1.32649,0.939467,-0.0099315,0.0294887,-0.0365928,0.000239195,0.017181,-0.0147778,0.00197479,-3.10005e-05,0.0149332,-0.154093,0.152034,-0.159929,0.180628,-0.419021,0.00793784,0.194517,-0.311417,0.0146777,-0.159994,0.157715,-0.0482656,-0.046321,-0.0788874,0.0299977,-0.0451675,0.00884688
-0.325457,0.00108407,0.453976,-0.0162807,-0.0377763,3.61031e-05,0.999154,-0.0394682,0.402271,-0.777667,0.062118,0.673184,-1.46973,0.0118173,0.658309,-1.47469,0.00397144,0.489754,-1.00422,-0.0149495,2.36767,1.32491,0.940067,-0.0108349,0.0296656,-0.0355839,0.000229011,0.016583,-0.0122632,0.00246093,-3.90778e-05,0.0124138,-0.150204,0.147663,-0.156692,0.128339,-0.295669,0.00755534,0.160813,-0.238426,0.0121662,-0.155886,0.153137,-0.0475775,-0.0477712,-0.0798488,0.029946,-0.0444196,0.0066686
-0.32622,0.00109765,0.454229,-0.016403,-0.0377516,3.07424e-05,0.999153,-0.0392191,0.399268,-0.774715,0.058984,0.67575,-1.47564,0.0119684,0.661525,-1.47946,0.0042144,0.486637,-1.00116,-0.0159009,2.36671,1.32331,0.940666,-0.0117233,0.029799,-0.0348198,0.000221533,0.0161124,-0.0104752,0.00280109,-4.45819e-05,0.0106218,-0.14721,0.144334,-0.151653,0.0847422,-0.194323,0.00791811,0.13218,-0.17959,0.0103802,-0.152724,0.149648,-0.0470551,-0.0478304,-0.0797775,0.030086,-0.0438643,0.0051252
-0.326966,0.00111091,0.454475,-0.0165073,-0.0377235,2.59438e-05,0.999152,-0.0390058,0.396325,-0.771828,0.0559509,0.677445,-1.47953,0.0121267,0.664169,-1.48305,0.00442165,0.483583,-0.998164,-0.0168419,2.36576,1.32172,0.941268,-0.0126005,0.0299015,-0.0342818,0.000216264,0.0157566,-0.00934496,0.00300945,-4.78724e-05,0.00948787,-0.145042,0.141961,-0.145111,0.0489906,-0.113141,0.00893133,0.108048,-0.13342,0.00925078,-0.15043,0.147161,-0.0465994,-0.0470489,-0.078566,0.029752,-0.0434054,0.00417052
-0.327699,0.00112394,0.454716,-0.0166004,-0.0376933,2.15003e-05,0.999151,-0.0388153,0.393425,-0.76899,0.0530486,0.678425,-1.48179,0.0123053,0.66633,-1.48572,0.0046063,0.480575,-0.995222,-0.0177738,2.36482,1.32015,0.941863,-0.0134687,0.0299849,-0.033953,0.00021278,0.0155043,-0.00881983,0.00309621,-4.91875e-05,0.0089596,-0.143635,0.140471,-0.137342,0.0201395,-0.049911,0.0105197,0.0877341,-0.0981013,0.00872549,-0.148937,0.145594,-0.0460619,-0.0458448,-0.0760176,0.0283169,-0.0429031,0.0037755
-0.328424,0.00113684,0.454954,-0.0166883,-0.0376622,1.72214e-05,0.999151,-0.0386353,0.390553,-0.766181,0.0503017,0.678828,-1.48279,0.0125157,0.668085,-1.48768,0.00478044,0.477597,-0.992312,-0.018695,2.3639,1.31863,0.942429,-0.0143267,0.0300604,-0.0338177,0.000210709,0.0153453,-0.00885873,0.00306887,-4.869e-05,0.00899577,-0.142925,0.139792,-0.128587,-0.00281032,-0.00219146,0.0126221,0.0704722,-0.0715864,0.00876326,-0.148176,0.144875,-0.0452376,-0.0445207,-0.071887,0.0252099,-0.0421643,0.00392409
-0.329145,0.00114967,0.45519,-0.0167765,-0.0376314,1.29296e-05,0.999151,-0.0384547,0.387695,-0.763386,0.0477298,0.678772,-1.48283,0.0127682,0.669494,-1.48911,0.00495533,0.474634,-0.989415,-0.0195997,2.36301,1.31719,0.942933,-0.01517,0.0301389,-0.0338606,0.000209707,0.0152699,-0.00942706,0.0029334,-4.65039e-05,0.00956174,-0.142853,0.139859,-0.119053,-0.0208821,0.032584,0.0151859,0.0554295,-0.0516524,0.00932957,-0.148083,0.144932,-0.0438607,-0.0432784,-0.0659431,0.0199552,-0.0409341,0.00460915
-0.329865,0.00116251,0.455426,-0.0168705,-0.037602,8.45917e-06,0.99915,-0.0382628,0.384839,-0.760589,0.0453487,0.678354,-1.48218,0.0130719,0.670603,-1.49014,0.00514154,0.471673,-0.986518,-0.0204768,2.36214,1.31587,0.943332,-0.0159887,0.0302311,-0.0340667,0.00020945,0.0152688,-0.0104926,0.00269524,-4.2744e-05,0.0106253,-0.143357,0.140605,-0.108907,-0.0351001,0.05702,0.0181619,0.0417228,-0.0359526,0.0103923,-0.148595,0.145696,-0.0416009,-0.0422294,-0.0580575,0.0122401,-0.0388859,0.0058282
-0.330588,0.00117542,0.455663,-0.0169751,-0.037575,3.65484e-06,0.99915,-0.0380496,0.381972,-0.757778,0.0431705,0.677652,-1.48104,0.0134351,0.671437,-1.49086,0.005349,0.468701,-0.983605,-0.0213088,2.3613,1.31471,0.943577,-0.0167664,0.0303477,-0.0344211,0.000209613,0.015333,-0.0120226,0.00236001,-3.75376e-05,0.0121536,-0.144379,0.141965,-0.0982845,-0.0464725,0.0736976,0.0214984,0.0284315,-0.0220539,0.0119187,-0.149648,0.147098,-0.0380647,-0.0413987,-0.0483215,0.00202702,-0.0356123,0.00757937
-0.331317,0.00118845,0.455902,-0.017095,-0.0375513,-1.62785e-06,0.999148,-0.037806,0.379085,-0.754939,0.0412047,0.676723,-1.47956,0.0138651,0.672006,-1.4913,0.00558698,0.465709,-0.980664,-0.02207,2.36047,1.31374,0.943618,-0.0174787,0.0304992,-0.0349081,0.000209868,0.0154535,-0.0139819,0.00193393,-3.10383e-05,0.0141114,-0.145856,0.143872,-0.0872859,-0.0559786,0.0851272,0.0251344,0.0146086,-0.00746712,0.0138738,-0.151177,0.149067,-0.0328002,-0.0407288,-0.0371851,-0.0102758,-0.0306164,0.0098582
-0.332055,0.00120165,0.456144,-0.0172346,-0.037532,-7.5221e-06,0.999147,-0.0375232,0.376169,-0.752062,0.039459,0.675603,-1.47786,0.0143678,0.672298,-1.49145,0.00586406,0.462686,-0.977683,-0.022726,2.35966,1.313,0.943412,-0.018091,0.0306964,-0.035511,0.000209875,0.0156209,-0.0163309,0.00142425,-2.34369e-05,0.0164593,-0.147724,0.146254,-0.0759798,-0.0645596,0.0937165,0.0289873,-0.000709654,0.0103266,0.016218,-0.153114,0.151527,-0.0253078,-0.0400941,-0.0256024,-0.023567,-0.0233123,0.0126561
-0.332803,0.00121505,0.456389,-0.0173976,-0.0375177,-1.41488e-05,0.999145,-0.0371936,0.373215,-0.749137,0.0379393,0.674312,-1.47599,0.0149475,0.672284,-1.49125,0.00618801,0.459624,-0.974654,-0.0232322,2.35885,1.31249,0.942941,-0.0185573,0.0309495,-0.0362106,0.000209274,0.0158252,-0.0190216,0.000840073,-1.49764e-05,0.0191492,-0.149912,0.149029,-0.064389,-0.0731123,0.101745,0.0329299,-0.0184942,0.0338489,0.0189035,-0.155384,0.154394,-0.0150538,-0.0393412,-0.0151578,-0.0357168,-0.0130439,0.0159628
-0.333565,0.00122868,0.456639,-0.0175876,-0.0375093,-2.16141e-05,0.999141,-0.0368102,0.370217,-0.746157,0.0366515,0.67285,-1.47395,0.0156061,0.671914,-1.49057,0.00656568,0.456517,-0.971567,-0.0235332,2.35807,1.31218,0.942226,-0.0188181,0.0312688,-0.0369836,0.000207702,0.0160549,-0.0219876,0.000194745,-5.98505e-06,0.0221146,-0.152335,0.152101,-0.0524583,-0.0824867,0.111345,0.0367474,-0.0397175,0.0655914,0.0218639,-0.157897,0.157566,-0.00148508,-0.0383652,-0.00814925,-0.0431552,0.000856696,0.019775
-0.334341,0.00124256,0.456893,-0.0178072,-0.0375073,-3.00043e-05,0.999138,-0.0363676,0.367171,-0.743116,0.0356023,0.6712,-1.47173,0.0163411,0.67112,-1.48926,0.00700255,0.453359,-0.968416,-0.023563,2.3573,1.31202,0.941363,-0.018801,0.0316643,-0.0378011,0.000204822,0.0162962,-0.0251256,-0.000489566,3.06839e-06,0.0252523,-0.154892,0.155346,-0.0399871,-0.0934896,0.124476,0.0400606,-0.065356,0.107972,0.0249961,-0.160549,0.160917,0.0159597,-0.0372051,-0.00763255,-0.0404662,0.0189466,0.0241152
-0.335132,0.00125669,0.457151,-0.0180582,-0.0375122,-3.9375e-05,0.999133,-0.0358622,0.364073,-0.740009,0.0348025,0.669331,-1.46924,0.0171423,0.669813,-1.4871,0.00750207,0.450148,-0.965198,-0.0232438,2.35656,1.31187,0.940554,-0.0184221,0.0321466,-0.0386289,0.000200409,0.0165333,-0.0282743,-0.00117613,1.15219e-05,0.0284009,-0.157481,0.158625,-0.0265104,-0.106894,0.142892,0.0421993,-0.0964129,0.163272,0.0281391,-0.163231,0.164298,0.0378401,-0.0360799,-0.0175093,-0.0202015,0.0414596,0.0290635
-0.335938,0.00127105,0.457415,-0.0183407,-0.037524,-4.97337e-05,0.999127,-0.035294,0.360924,-0.736837,0.0342723,0.667193,-1.46638,0.0179863,0.667885,-1.48383,0.00806445,0.446884,-0.961913,-0.0224871,2.35583,1.31152,0.94015,-0.0175929,0.0327279,-0.0394361,0.000194437,0.0167523,-0.0312183,-0.00181346,1.85717e-05,0.031345,-0.160023,0.161807,-0.0111089,-0.123454,0.168083,0.0420015,-0.133984,0.233532,0.0310777,-0.165859,0.167577,0.0646761,-0.0351778,-0.0428746,0.0266661,0.0680027,0.0347966
-0.33676,0.00128565,0.457682,-0.0186526,-0.0375421,-6.10243e-05,0.999121,-0.0346669,0.357724,-0.733601,0.0340501,0.664724,-1.46302,0.0188263,0.665205,-1.47916,0.00868562,0.443567,-0.958562,-0.0211936,2.35513,1.31066,0.940683,-0.0162328,0.0334238,-0.0402156,0.000187113,0.0169493,-0.0337919,-0.00235909,2.36452e-05,0.0339187,-0.162531,0.164864,0.00786938,-0.14393,0.201176,0.0374946,-0.179401,0.320401,0.0336462,-0.168446,0.170722,0.096796,-0.0338787,-0.0909924,0.108995,0.0972145,0.0416134
-0.337596,0.00130045,0.457954,-0.0189903,-0.0375657,-7.31416e-05,0.999114,-0.0339884,0.354473,-0.730304,0.0342074,0.661845,-1.45899,0.0195762,0.661617,-1.47275,0.00935817,0.440198,-0.955148,-0.0192578,2.35445,1.30884,0.942863,-0.0142885,0.0342561,-0.0410242,0.000178546,0.0171466,-0.0362304,-0.00286626,2.74355e-05,0.0363575,-0.165182,0.168025,0.0332017,-0.169126,0.242771,0.0253456,-0.234498,0.424871,0.0360799,-0.171177,0.17397,0.133869,-0.0290197,-0.173292,0.231704,0.126544,0.0498905
-0.338447,0.00131548,0.458229,-0.0193523,-0.0375944,-8.60512e-05,0.999106,-0.0332612,0.351169,-0.726944,0.0348714,0.658463,-1.45414,0.0200832,0.656927,-1.46426,0.0100794,0.436775,-0.951669,-0.0165805,2.35387,1.30537,0.947497,-0.0117577,0.0352539,-0.042033,0.000167554,0.0174131,-0.0400172,-0.00369936,3.39803e-05,0.0401457,-0.168313,0.171991,0.0693689,-0.199986,0.292724,-0.000225707,-0.302083,0.546847,0.0398613,-0.174412,0.178046,0.173739,-0.0120064,-0.308358,0.389713,0.152441,0.0598675
-0.339317,0.00133076,0.458508,-0.0197522,-0.0376315,-0.000100164,0.999096,-0.0324582,0.347803,-0.723504,0.0362588,0.654463,-1.44828,0.0200787,0.650885,-1.45332,0.0108763,0.433286,-0.948108,-0.0131058,2.35363,1.29921,0.955291,-0.00870882,0.0364512,-0.0435503,0.000148681,0.0178725,-0.0495508,-0.00597116,5.3879e-05,0.0496836,-0.172073,0.178022,0.123526,-0.237895,0.349848,-0.0498566,-0.38673,0.684396,0.0493856,-0.178345,0.184256,0.209934,0.0346514,-0.524519,0.560935,0.171346,0.0711569
-0.340217,0.00134636,0.458796,-0.0202474,-0.0376912,-0.000117216,0.999084,-0.0314646,0.344362,-0.719944,0.0387293,0.649705,-1.44129,0.0190816,0.643151,-1.43963,0.0118637,0.429719,-0.944423,-0.00890724,2.35433,1.28872,0.96651,-0.00528188,0.0378744,-0.0459102,0.00010616,0.0186582,-0.0749613,-0.0123057,0.000106903,0.075106,-0.175208,0.18749,0.207397,-0.285583,0.411561,-0.14461,-0.496175,0.832404,0.0747764,-0.181775,0.194024,0.226994,0.139077,-0.85772,0.703088,0.181717,0.0820299
-0.341163,0.0013622,0.459096,-0.0209964,-0.0378142,-0.000142023,0.999064,-0.0299624,0.340857,-0.716194,0.0428772,0.643993,-1.43306,0.0161894,0.633227,-1.42298,0.013359,0.426084,-0.940543,-0.00436743,2.35711,1.27156,0.980572,-0.00164752,0.039515,-0.0490135,1.7101e-06,0.0197102,-0.136269,-0.0280356,0.000213098,0.136442,-0.171975,0.199979,0.341188,-0.349596,0.473356,-0.328555,-0.644037,0.979983,0.136042,-0.178946,0.20692,0.192774,0.334861,-1.33569,0.764531,0.186604,0.089092
-0.342172,0.00137767,0.459414,-0.022358,-0.0380942,-0.000185629,0.999024,-0.0272336,0.337418,-0.712195,0.049701,0.637002,-1.42359,0.0096183,0.620347,-1.40338,0.0160797,0.422505,-0.936405,-0.000512001,2.3638,1.24485,0.995863,0.00208456,0.0412968,-0.0512338,-0.000336954,0.0188727,-0.264989,-0.0636675,0.000331847,0.265217,-0.143987,0.207466,0.556955,-0.444697,0.527099,-0.686364,-0.852417,1.10422,0.264808,-0.149697,0.212379,0.0502888,0.632093,-1.92516,0.726217,0.194255,0.089244
-0.343223,0.0013874,0.459711,-0.0250054,-0.0387296,-0.000269024,0.998937,-0.0219293,0.334538,-0.708046,0.0608401,0.628108,-1.41305,-0.00410897,0.603298,-1.3813,0.0213759,0.419511,-0.932157,0.000493776,2.37645,1.20635,1.01039,0.00596967,0.0430817,-0.0366119,0.00241129,-0.0779779,0.0647931,-0.29048,0.0202049,0.265217,-0.143987,0.207466,0.556955,-0.444697,0.527099,-0.686364,-0.852417,1.10422,0.264808,-0.149697,0.212379,0.0502888,0.632093,-1.92516,0.726217,0.194255,0.089244
